-- phpMyAdmin SQL Dump
-- version 4.0.10deb1
-- http://www.phpmyadmin.net
--
-- Servidor: localhost
-- Tiempo de generación: 10-01-2018 a las 00:12:49
-- Versión del servidor: 5.5.55-0ubuntu0.14.04.1
-- Versión de PHP: 5.5.9-1ubuntu4.22

SET SQL_MODE = "NO_AUTO_VALUE_ON_ZERO";
SET time_zone = "+00:00";


/*!40101 SET @OLD_CHARACTER_SET_CLIENT=@@CHARACTER_SET_CLIENT */;
/*!40101 SET @OLD_CHARACTER_SET_RESULTS=@@CHARACTER_SET_RESULTS */;
/*!40101 SET @OLD_COLLATION_CONNECTION=@@COLLATION_CONNECTION */;
/*!40101 SET NAMES utf8 */;

--
-- Base de datos: `cooperativa_bd`
--

-- --------------------------------------------------------

--
-- Estructura de tabla para la tabla `anio`
--

CREATE TABLE IF NOT EXISTS `anio` (
  `id` int(11) NOT NULL AUTO_INCREMENT,
  `codigo` varchar(50) NOT NULL,
  `fecha_creacion` timestamp NOT NULL DEFAULT CURRENT_TIMESTAMP,
  PRIMARY KEY (`id`)
) ENGINE=InnoDB  DEFAULT CHARSET=latin1 AUTO_INCREMENT=11 ;

--
-- Volcado de datos para la tabla `anio`
--

INSERT INTO `anio` (`id`, `codigo`, `fecha_creacion`) VALUES
(1, '2017', '2017-10-23 22:12:11'),
(2, '2018', '2017-10-23 22:12:11'),
(3, '2019', '2017-10-23 22:12:11'),
(4, '2020', '2017-10-23 22:12:11'),
(5, '2021', '2017-10-23 22:12:11'),
(6, '2022', '2017-10-23 22:12:11'),
(7, '2023', '2017-10-23 22:12:11'),
(8, '2024', '2017-10-23 22:12:11'),
(9, '2025', '2017-10-23 22:12:11'),
(10, '2026', '2017-10-23 22:12:11');

-- --------------------------------------------------------

--
-- Estructura de tabla para la tabla `area`
--

CREATE TABLE IF NOT EXISTS `area` (
  `id` int(11) NOT NULL AUTO_INCREMENT,
  `descripcion` varchar(200) DEFAULT NULL,
  `fecha_creacion` timestamp NULL DEFAULT CURRENT_TIMESTAMP,
  PRIMARY KEY (`id`)
) ENGINE=InnoDB  DEFAULT CHARSET=latin1 AUTO_INCREMENT=4 ;

--
-- Volcado de datos para la tabla `area`
--

INSERT INTO `area` (`id`, `descripcion`, `fecha_creacion`) VALUES
(1, 'ABARROTES', '2017-12-24 02:07:22'),
(2, 'JUGERIA', '2017-12-24 02:11:12'),
(3, 'BAZAR ', '2017-12-25 00:54:52');

-- --------------------------------------------------------

--
-- Estructura de tabla para la tabla `cargo`
--

CREATE TABLE IF NOT EXISTS `cargo` (
  `id` int(11) NOT NULL AUTO_INCREMENT,
  `descripcion` varchar(300) NOT NULL,
  `fecha_creacion` timestamp NOT NULL DEFAULT CURRENT_TIMESTAMP,
  PRIMARY KEY (`id`)
) ENGINE=InnoDB  DEFAULT CHARSET=latin1 AUTO_INCREMENT=3 ;

--
-- Volcado de datos para la tabla `cargo`
--

INSERT INTO `cargo` (`id`, `descripcion`, `fecha_creacion`) VALUES
(1, 'GERENTE', '2017-10-25 17:49:06'),
(2, 'ADMINISTRADOR', '2017-10-25 17:49:06');

-- --------------------------------------------------------

--
-- Estructura de tabla para la tabla `comerciante`
--

CREATE TABLE IF NOT EXISTS `comerciante` (
  `id` int(11) NOT NULL AUTO_INCREMENT,
  `nombres` varchar(200) DEFAULT NULL,
  `apellidos` varchar(200) DEFAULT NULL,
  `dni` char(8) DEFAULT NULL,
  `ruc` varchar(11) DEFAULT NULL,
  `razon_social` varchar(200) NOT NULL,
  `direccion` varchar(200) DEFAULT NULL,
  `telefono` char(7) DEFAULT NULL,
  `celular` char(9) NOT NULL,
  `correo` varchar(200) DEFAULT NULL,
  `id_area` int(11) NOT NULL,
  `fecha_ingreso` date DEFAULT NULL,
  `fecha_salida` date DEFAULT NULL,
  `tipo` enum('socio','inquilino') NOT NULL,
  `fecha_creacion` timestamp NULL DEFAULT CURRENT_TIMESTAMP,
  PRIMARY KEY (`id`)
) ENGINE=InnoDB  DEFAULT CHARSET=latin1 AUTO_INCREMENT=70 ;

--
-- Volcado de datos para la tabla `comerciante`
--

INSERT INTO `comerciante` (`id`, `nombres`, `apellidos`, `dni`, `ruc`, `razon_social`, `direccion`, `telefono`, `celular`, `correo`, `id_area`, `fecha_ingreso`, `fecha_salida`, `tipo`, `fecha_creacion`) VALUES
(10, 'SEGUNDO', 'ANASTACIO CH', '', '', '', '', '', '', '', 1, '2018-01-01', NULL, 'socio', '2017-12-28 19:14:17'),
(11, 'ABDON', 'ARRIAGA MELENDEZ', NULL, NULL, '', NULL, NULL, '', NULL, 1, '2018-01-01', NULL, 'socio', '2017-12-28 19:14:17'),
(12, 'PAULINA', 'ARRIAGA MELENDEZ', NULL, NULL, '', NULL, NULL, '', NULL, 1, '2018-01-01', NULL, 'socio', '2017-12-28 19:14:17'),
(13, 'JANEBT', 'BERMEO GUERRERO', NULL, NULL, '', NULL, NULL, '', NULL, 1, '2018-01-01', NULL, 'socio', '2017-12-28 19:14:17'),
(14, 'IDUVINA', 'BURGA CERCADO', NULL, NULL, '', NULL, NULL, '', NULL, 1, '2018-01-01', NULL, 'socio', '2017-12-28 19:14:17'),
(15, 'JOSÉ', 'CABANILLAS MENDOZA', NULL, NULL, '', NULL, NULL, '', NULL, 1, '2018-01-01', NULL, 'socio', '2017-12-28 19:14:17'),
(16, 'VIOLETA', 'CACERES ALOSILLA', NULL, NULL, '', NULL, NULL, '', NULL, 1, '2018-01-01', NULL, 'socio', '2017-12-28 19:14:17'),
(17, 'GONZALO', 'CALDERON MORENO', NULL, NULL, '', NULL, NULL, '', NULL, 1, '2018-01-01', NULL, 'socio', '2017-12-28 19:14:17'),
(18, 'FELIX', 'CALLUPE BASILIO', NULL, NULL, '', NULL, NULL, '', NULL, 1, '2018-01-01', NULL, 'socio', '2017-12-28 19:14:17'),
(19, 'MARIA', 'CAMACHO CASTILLO', NULL, NULL, '', NULL, NULL, '', NULL, 1, '2018-01-01', NULL, 'socio', '2017-12-28 19:14:17'),
(20, 'VICTOR', 'CESPEDES ALLENDE', NULL, NULL, '', NULL, NULL, '', NULL, 1, '2018-01-01', NULL, 'socio', '2017-12-28 19:14:17'),
(21, 'CINDY', 'CESPEDES SANTILLAN', NULL, NULL, '', NULL, NULL, '', NULL, 1, '2018-01-01', NULL, 'socio', '2017-12-28 19:14:17'),
(22, 'SARA', 'CHACALTANA CH.', NULL, NULL, '', NULL, NULL, '', NULL, 1, '2018-01-01', NULL, 'socio', '2017-12-28 19:14:17'),
(23, 'DALILA', 'CHAVEZ HUARAC', NULL, NULL, '', NULL, NULL, '', NULL, 1, '2018-01-01', NULL, 'socio', '2017-12-28 19:14:17'),
(24, ' CELESTINA', 'CUEVA FALCON', NULL, NULL, '', NULL, NULL, '', NULL, 1, '2018-01-01', NULL, 'socio', '2017-12-28 19:14:17'),
(25, 'MARTHA', 'DE LA CRUZ R.', NULL, NULL, '', NULL, NULL, '', NULL, 1, '2018-01-01', NULL, 'socio', '2017-12-28 19:14:17'),
(26, 'DIONISIA', 'FALCON MONTESINOS', NULL, NULL, '', NULL, NULL, '', NULL, 1, '2018-01-01', NULL, 'socio', '2017-12-28 19:14:17'),
(27, 'GILBER', 'GARCÍA Y FALCON', NULL, NULL, '', NULL, NULL, '', NULL, 1, '2018-01-01', NULL, 'socio', '2017-12-28 19:14:17'),
(28, 'RUBEN', 'GRANADA PINARES', NULL, NULL, '', NULL, NULL, '', NULL, 1, '2018-01-01', NULL, 'socio', '2017-12-28 19:14:17'),
(29, 'NORMA', 'HUALLULLO RAMIREZ', NULL, NULL, '', NULL, NULL, '', NULL, 1, '2018-01-01', NULL, 'socio', '2017-12-28 19:14:17'),
(30, 'MARIA', 'HUYHUA GOMEZ', NULL, NULL, '', NULL, NULL, '', NULL, 1, '2018-01-01', NULL, 'socio', '2017-12-28 19:14:17'),
(31, 'GREGORIA', 'JUAREZ RAMOS', NULL, NULL, '', NULL, NULL, '', NULL, 1, '2018-01-01', NULL, 'socio', '2017-12-28 19:14:17'),
(32, 'REYES', 'JUAREZ RAMOS', NULL, NULL, '', NULL, NULL, '', NULL, 1, '2018-01-01', NULL, 'socio', '2017-12-28 19:14:17'),
(33, 'LEYDI', 'MARIÑO PACHECO', NULL, NULL, '', NULL, NULL, '', NULL, 1, '2018-01-01', NULL, 'socio', '2017-12-28 19:14:17'),
(34, 'PILAR', 'MEJIA JAICORI', NULL, NULL, '', NULL, NULL, '', NULL, 1, '2018-01-01', NULL, 'socio', '2017-12-28 19:14:17'),
(35, 'KARINA', 'MENDOZA QUISPE', NULL, NULL, '', NULL, NULL, '', NULL, 1, '2018-01-01', NULL, 'socio', '2017-12-28 19:14:17'),
(36, 'GERARDO', 'MENDOZA VENTURA', NULL, NULL, '', NULL, NULL, '', NULL, 1, '2018-01-01', NULL, 'socio', '2017-12-28 19:14:17'),
(37, 'BERTHA', 'MIO VALDIVIEZO', NULL, NULL, '', NULL, NULL, '', NULL, 1, '2018-01-01', NULL, 'socio', '2017-12-28 19:14:17'),
(38, ' MARIA', 'MIO VALDIVIEZO', NULL, NULL, '', NULL, NULL, '', NULL, 1, '2018-01-01', NULL, 'socio', '2017-12-28 19:14:17'),
(39, 'JUDITH', 'MORENO GARAY', NULL, NULL, '', NULL, NULL, '', NULL, 1, '2018-01-01', NULL, 'socio', '2017-12-28 19:14:17'),
(40, 'HECTOR', 'PACHECO ASTUPILLO', NULL, NULL, '', NULL, NULL, '', NULL, 1, '2018-01-01', NULL, 'socio', '2017-12-28 19:14:17'),
(41, 'TITO', 'PACHECO ASTUPILLO', NULL, NULL, '', NULL, NULL, '', NULL, 1, '2018-01-01', NULL, 'socio', '2017-12-28 19:14:17'),
(42, 'UBALDINA', 'PACHECO SANCHEZ', NULL, NULL, '', NULL, NULL, '', NULL, 1, '2018-01-01', NULL, 'socio', '2017-12-28 19:14:17'),
(43, 'MELINA', 'PAJUELO JUAREZ', NULL, NULL, '', NULL, NULL, '', NULL, 1, '2018-01-01', NULL, 'socio', '2017-12-28 19:14:17'),
(44, 'JOHNNY', 'PALACIOS TITO', NULL, NULL, '', NULL, NULL, '', NULL, 1, '2018-01-01', NULL, 'socio', '2017-12-28 19:14:17'),
(45, 'LUCIA', 'PEDROZA ORTEGA', NULL, NULL, '', NULL, NULL, '', NULL, 1, '2018-01-01', NULL, 'socio', '2017-12-28 19:14:17'),
(46, 'ALAN', 'PEÑA CHAVEZ', NULL, NULL, '', NULL, NULL, '', NULL, 1, '2018-01-01', NULL, 'socio', '2017-12-28 19:14:17'),
(47, 'ELIANA', 'PERALTA GARCIA', NULL, NULL, '', NULL, NULL, '', NULL, 1, '2018-01-01', NULL, 'socio', '2017-12-28 19:14:17'),
(48, 'JUAN', 'QUISPE HUAMAN', NULL, NULL, '', NULL, NULL, '', NULL, 1, '2018-01-01', NULL, 'socio', '2017-12-28 19:14:17'),
(49, 'JULIA', 'QUISPE QUISPE', NULL, NULL, '', NULL, NULL, '', NULL, 1, '2018-01-01', NULL, 'socio', '2017-12-28 19:14:17'),
(50, 'LORENA', 'QUISPE RUBINA', NULL, NULL, '', NULL, NULL, '', NULL, 1, '2018-01-01', NULL, 'socio', '2017-12-28 19:14:17'),
(51, 'FELIX', 'RAMOS ALARCON', NULL, NULL, '', NULL, NULL, '', NULL, 1, '2018-01-01', NULL, 'socio', '2017-12-28 19:14:17'),
(52, 'ELIAS', 'REATEGUI PINEDO', NULL, NULL, '', NULL, NULL, '', NULL, 1, '2018-01-01', NULL, 'socio', '2017-12-28 19:14:17'),
(53, 'NORMA', 'SANTILLAN CESPEDES', NULL, NULL, '', NULL, NULL, '', NULL, 1, '2018-01-01', NULL, 'socio', '2017-12-28 19:14:17'),
(54, 'ROSA', 'SANTILLAN CESPEDES', NULL, NULL, '', NULL, NULL, '', NULL, 1, '2018-01-01', NULL, 'socio', '2017-12-28 19:14:17'),
(55, 'ANA JULIA', 'SANTILLANA MOLINA', NULL, NULL, '', NULL, NULL, '', NULL, 1, '2018-01-01', NULL, 'socio', '2017-12-28 19:14:17'),
(56, 'JUANA', 'SIAPO PERALTA', NULL, NULL, '', NULL, NULL, '', NULL, 1, '2018-01-01', NULL, 'socio', '2017-12-28 19:14:17'),
(57, 'MARIA I.', 'SIAPO PERALTA', NULL, NULL, '', NULL, NULL, '', NULL, 1, '2018-01-01', NULL, 'socio', '2017-12-28 19:14:17'),
(58, 'WALTER', 'SIAPO PERALTA', NULL, NULL, '', NULL, NULL, '', NULL, 1, '2018-01-01', NULL, 'socio', '2017-12-28 19:14:17'),
(59, 'JUAN', 'SIESQUEN QUIROZ', NULL, NULL, '', NULL, NULL, '', NULL, 1, '2018-01-01', NULL, 'socio', '2017-12-28 19:14:17'),
(60, 'DEYVID', 'SORIANO JUAREZ', NULL, NULL, '', NULL, NULL, '', NULL, 1, '2018-01-01', NULL, 'socio', '2017-12-28 19:14:17'),
(61, 'CONNIE M.', 'SOCOLA VARGAS', NULL, NULL, '', NULL, NULL, '', NULL, 1, '2018-01-01', NULL, 'socio', '2017-12-28 19:14:17'),
(62, 'ROMULO', 'SULCA LECHE', NULL, NULL, '', NULL, NULL, '', NULL, 1, '2018-01-01', NULL, 'socio', '2017-12-28 19:14:17'),
(63, 'GLADYS', 'SULLON SABA', NULL, NULL, '', NULL, NULL, '', NULL, 1, '2018-01-01', NULL, 'socio', '2017-12-28 19:14:17'),
(64, 'DULA', 'TITO GUZMAN', NULL, NULL, '', NULL, NULL, '', NULL, 1, '2018-01-01', NULL, 'socio', '2017-12-28 19:14:17'),
(65, 'MARIBEL', 'TRUJILLO DAZA', NULL, NULL, '', NULL, NULL, '', NULL, 1, '2018-01-01', NULL, 'socio', '2017-12-28 19:14:17'),
(66, 'MERY', 'TRUJILLO DAZA', NULL, NULL, '', NULL, NULL, '', NULL, 1, '2018-01-01', NULL, 'socio', '2017-12-28 19:14:17'),
(67, 'VICTOR', 'VELA JAIMES', NULL, NULL, '', NULL, NULL, '', NULL, 1, '2018-01-01', NULL, 'socio', '2017-12-28 19:14:17'),
(68, 'ROSMERY H.', 'YUCRA HUYHUA', NULL, NULL, '', NULL, NULL, '', NULL, 1, '2018-01-01', NULL, 'socio', '2017-12-28 19:14:17'),
(69, ' ANTONIA', 'ZAPATA YOVERA', NULL, NULL, '', NULL, NULL, '', NULL, 1, '2018-01-01', NULL, 'socio', '2017-12-28 19:14:17');

-- --------------------------------------------------------

--
-- Estructura de tabla para la tabla `comerciante_puesto`
--

CREATE TABLE IF NOT EXISTS `comerciante_puesto` (
  `id` int(11) NOT NULL AUTO_INCREMENT,
  `id_comerciante` int(11) NOT NULL,
  `codigo_puesto` int(11) NOT NULL,
  `fecha_creacion` timestamp NOT NULL DEFAULT CURRENT_TIMESTAMP,
  PRIMARY KEY (`id`)
) ENGINE=InnoDB  DEFAULT CHARSET=latin1 AUTO_INCREMENT=15 ;

--
-- Volcado de datos para la tabla `comerciante_puesto`
--

INSERT INTO `comerciante_puesto` (`id`, `id_comerciante`, `codigo_puesto`, `fecha_creacion`) VALUES
(4, 4, 1, '2017-12-27 20:52:04'),
(7, 5, 2, '2017-12-27 22:22:27'),
(8, 69, 50, '2017-12-28 19:19:41'),
(9, 24, 45, '2017-12-28 19:20:14'),
(10, 38, 47, '2017-12-28 19:20:37'),
(11, 11, 32, '2017-12-28 19:20:58'),
(12, 46, 4, '2017-12-28 19:21:27'),
(13, 55, 3, '2017-12-31 21:49:08'),
(14, 69, 5, '2017-12-31 21:50:46');

-- --------------------------------------------------------

--
-- Estructura de tabla para la tabla `compra_cab`
--

CREATE TABLE IF NOT EXISTS `compra_cab` (
  `id` int(11) NOT NULL AUTO_INCREMENT,
  `serie` char(10) NOT NULL,
  `numero` char(10) NOT NULL,
  `codigo_socio_negocio` char(12) NOT NULL,
  `fecha_documento` date NOT NULL,
  `tipo_documento` enum('BOLETA','FACTURA','','') NOT NULL,
  PRIMARY KEY (`id`)
) ENGINE=InnoDB  DEFAULT CHARSET=latin1 AUTO_INCREMENT=16 ;

--
-- Volcado de datos para la tabla `compra_cab`
--

INSERT INTO `compra_cab` (`id`, `serie`, `numero`, `codigo_socio_negocio`, `fecha_documento`, `tipo_documento`) VALUES
(4, '111', '111111', 'P1010101010', '2017-12-26', 'FACTURA'),
(5, '333', '333333', 'P1010101010', '2017-12-26', 'BOLETA'),
(11, '555', '555555', 'P23344555555', '2017-12-28', 'BOLETA'),
(12, '001', '000125', 'P1010101010', '2017-12-28', 'BOLETA'),
(13, '001', '875678', 'P1010101010', '2017-12-06', 'BOLETA'),
(14, '003', '986432', 'P23344555555', '2017-12-06', 'BOLETA'),
(15, '001', '000452', 'P23344555555', '2018-01-02', 'BOLETA');

-- --------------------------------------------------------

--
-- Estructura de tabla para la tabla `compra_det`
--

CREATE TABLE IF NOT EXISTS `compra_det` (
  `id` int(11) NOT NULL AUTO_INCREMENT,
  `id_compra_cab` int(11) NOT NULL,
  `descripcion` varchar(200) NOT NULL,
  `cantidad` int(11) NOT NULL,
  `precio_uni` decimal(15,6) NOT NULL,
  PRIMARY KEY (`id`)
) ENGINE=InnoDB  DEFAULT CHARSET=latin1 AUTO_INCREMENT=12 ;

--
-- Volcado de datos para la tabla `compra_det`
--

INSERT INTO `compra_det` (`id`, `id_compra_cab`, `descripcion`, `cantidad`, `precio_uni`) VALUES
(2, 4, 'MOSUE', 23, 23.000000),
(3, 4, 'TABLERO', 3, 26.000000),
(4, 5, 'MONITOR', 6, 420.000000),
(5, 11, 'CPU', 1, 540.000000),
(6, 12, 'COMPUTADORA', 1, 1000.000000),
(7, 12, 'MOUSE', 1, 20.000000),
(8, 15, 'MONITOR', 1, 250.000000),
(9, 15, 'TECLADO', 1, 100.000000),
(11, 6, 'TVS', 2, 43.000000);

-- --------------------------------------------------------

--
-- Estructura de tabla para la tabla `comunicado`
--

CREATE TABLE IF NOT EXISTS `comunicado` (
  `id` int(11) NOT NULL AUTO_INCREMENT,
  `asunto` varchar(300) NOT NULL,
  `fecha` date NOT NULL,
  `contenido` text NOT NULL,
  `id_usuario` int(11) DEFAULT NULL,
  `fecha_creacion` timestamp NOT NULL DEFAULT CURRENT_TIMESTAMP,
  `estado` enum('0','1','2') NOT NULL DEFAULT '0',
  PRIMARY KEY (`id`)
) ENGINE=InnoDB  DEFAULT CHARSET=latin1 AUTO_INCREMENT=7 ;

--
-- Volcado de datos para la tabla `comunicado`
--

INSERT INTO `comunicado` (`id`, `asunto`, `fecha`, `contenido`, `id_usuario`, `fecha_creacion`, `estado`) VALUES
(1, 'ASUNTO DE PRUEBA', '2017-12-29', 'CONTENIDO DE PRUEBA', 8, '2017-12-29 21:48:19', '1'),
(2, 'ASUNTO DE PRUEBA 2', '2017-12-30', 'CONTENIDO DE PRUEBA', 8, '2017-12-30 18:32:55', '2'),
(3, 'ASUNTO DE PRUEBA 3', '2017-12-30', 'CONTENIDO DE PRUEBA 3', 8, '2017-12-30 18:34:03', '2'),
(4, 'REUNION DE GERENCIA', '2018-01-15', 'SE CONVOCA A TODOS LOS GERENTES A LA REUNIÓN ....', 1, '2018-01-09 15:34:40', '0'),
(5, 'ASAMBLEA GENERAL', '2018-01-09', 'ASAMBLEA GENERAL...', 2, '2018-01-09 16:19:20', '2'),
(6, 'GFFGF', '2018-01-09', 'GFGFGFGF', 2, '2018-01-09 17:57:32', '0');

-- --------------------------------------------------------

--
-- Estructura de tabla para la tabla `concepto`
--

CREATE TABLE IF NOT EXISTS `concepto` (
  `id` int(11) NOT NULL AUTO_INCREMENT,
  `descripcion` varchar(300) DEFAULT NULL,
  `costo` decimal(15,6) NOT NULL,
  `porcentaje` decimal(15,6) NOT NULL,
  `tipo` enum('diario','variable','mensual','unico') NOT NULL,
  `estado` enum('1','0') NOT NULL,
  `fecha_creacion` timestamp NULL DEFAULT CURRENT_TIMESTAMP,
  PRIMARY KEY (`id`)
) ENGINE=InnoDB  DEFAULT CHARSET=latin1 AUTO_INCREMENT=11 ;

--
-- Volcado de datos para la tabla `concepto`
--

INSERT INTO `concepto` (`id`, `descripcion`, `costo`, `porcentaje`, `tipo`, `estado`, `fecha_creacion`) VALUES
(1, 'GUARDIANIA Y LIMPIEZA', 0.650000, 0.650000, 'diario', '1', '2017-12-19 22:38:51'),
(2, 'ADMINISTRACIÓN', 0.250000, 0.250000, 'diario', '1', '2017-12-19 22:39:16'),
(3, 'APORTACIONES', 0.100000, 0.100000, 'diario', '1', '2017-12-19 22:39:35'),
(4, 'MANTENIMIENTO DE AGUA', 1.000000, 0.000000, 'mensual', '1', '2017-12-19 22:39:55'),
(5, 'MANTENIMIENTO DE LUZ', 1.000000, 0.000000, 'mensual', '1', '2017-12-19 22:40:08'),
(6, 'VIGILANCIA', 0.400000, 0.000000, 'diario', '1', '2017-12-19 22:40:28'),
(7, 'ARBRITIOS', 0.400000, 0.000000, 'diario', '1', '2017-12-19 22:40:41'),
(8, 'DETECTOR DE HUMO', 80.000000, 0.000000, 'unico', '1', '2017-12-19 22:42:09'),
(9, 'CONSUMO DE AGUA', 20.000000, 0.000000, 'variable', '1', '2017-12-19 22:42:24'),
(10, 'CONSUMO DE LUZ', 20.000000, 0.000000, 'variable', '1', '2017-12-19 22:42:37');

-- --------------------------------------------------------

--
-- Estructura de tabla para la tabla `concepto_puesto`
--

CREATE TABLE IF NOT EXISTS `concepto_puesto` (
  `id` int(11) NOT NULL AUTO_INCREMENT,
  `id_concepto` int(11) NOT NULL,
  `codigo_puesto` int(11) NOT NULL,
  `fecha_creacion` timestamp NOT NULL DEFAULT CURRENT_TIMESTAMP,
  PRIMARY KEY (`id`)
) ENGINE=InnoDB  DEFAULT CHARSET=latin1 AUTO_INCREMENT=43 ;

--
-- Volcado de datos para la tabla `concepto_puesto`
--

INSERT INTO `concepto_puesto` (`id`, `id_concepto`, `codigo_puesto`, `fecha_creacion`) VALUES
(40, 1, 3, '2018-01-10 04:47:51'),
(41, 4, 3, '2018-01-10 04:48:14'),
(42, 8, 3, '2018-01-10 04:48:25');

-- --------------------------------------------------------

--
-- Estructura de tabla para la tabla `correlativo`
--

CREATE TABLE IF NOT EXISTS `correlativo` (
  `id` int(11) NOT NULL AUTO_INCREMENT,
  `codigo` varchar(20) NOT NULL,
  `descripcion` varchar(200) NOT NULL,
  `numero` int(11) NOT NULL,
  `fecha_creacion` timestamp NOT NULL DEFAULT CURRENT_TIMESTAMP,
  PRIMARY KEY (`id`)
) ENGINE=InnoDB  DEFAULT CHARSET=latin1 AUTO_INCREMENT=10 ;

--
-- Volcado de datos para la tabla `correlativo`
--

INSERT INTO `correlativo` (`id`, `codigo`, `descripcion`, `numero`, `fecha_creacion`) VALUES
(2, 'GM', 'GASTOS DE MOVILIDAD', 4, '2017-10-31 21:40:39'),
(3, 'FC', 'FORMULARIO DE COMUNICADO', 4, '2017-11-03 20:33:05'),
(6, 'FT', 'FACTURA', 1, '2017-11-21 17:46:16'),
(7, 'RC', 'REGISTRO DE COMPRA', 0, '2017-12-01 17:01:52'),
(8, 'BLT', 'BOLETA', 4, '2017-12-29 17:56:43'),
(9, 'EC', 'EGRESOS DE CAJA', 10, '2018-01-02 15:06:32');

-- --------------------------------------------------------

--
-- Estructura de tabla para la tabla `correo`
--

CREATE TABLE IF NOT EXISTS `correo` (
  `id` int(11) NOT NULL AUTO_INCREMENT,
  `fecha` date NOT NULL,
  `asunto` varchar(200) NOT NULL,
  `destinatario` varchar(200) NOT NULL,
  `contenido` text NOT NULL,
  `fecha_creacion` timestamp NOT NULL DEFAULT CURRENT_TIMESTAMP,
  PRIMARY KEY (`id`)
) ENGINE=InnoDB DEFAULT CHARSET=latin1 AUTO_INCREMENT=1 ;

-- --------------------------------------------------------

--
-- Estructura de tabla para la tabla `day`
--

CREATE TABLE IF NOT EXISTS `day` (
  `id` int(11) NOT NULL AUTO_INCREMENT,
  `year` char(4) NOT NULL,
  `month` char(2) NOT NULL,
  `day` date NOT NULL,
  PRIMARY KEY (`id`)
) ENGINE=InnoDB  DEFAULT CHARSET=latin1 AUTO_INCREMENT=1096 ;

--
-- Volcado de datos para la tabla `day`
--

INSERT INTO `day` (`id`, `year`, `month`, `day`) VALUES
(1, '2017', '01', '2017-01-01'),
(2, '2017', '01', '2017-01-02'),
(3, '2017', '01', '2017-01-03'),
(4, '2017', '01', '2017-01-04'),
(5, '2017', '01', '2017-01-05'),
(6, '2017', '01', '2017-01-06'),
(7, '2017', '01', '2017-01-07'),
(8, '2017', '01', '2017-01-08'),
(9, '2017', '01', '2017-01-09'),
(10, '2017', '01', '2017-01-10'),
(11, '2017', '01', '2017-01-11'),
(12, '2017', '01', '2017-01-12'),
(13, '2017', '01', '2017-01-13'),
(14, '2017', '01', '2017-01-14'),
(15, '2017', '01', '2017-01-15'),
(16, '2017', '01', '2017-01-16'),
(17, '2017', '01', '2017-01-17'),
(18, '2017', '01', '2017-01-18'),
(19, '2017', '01', '2017-01-19'),
(20, '2017', '01', '2017-01-20'),
(21, '2017', '01', '2017-01-21'),
(22, '2017', '01', '2017-01-22'),
(23, '2017', '01', '2017-01-23'),
(24, '2017', '01', '2017-01-24'),
(25, '2017', '01', '2017-01-25'),
(26, '2017', '01', '2017-01-26'),
(27, '2017', '01', '2017-01-27'),
(28, '2017', '01', '2017-01-28'),
(29, '2017', '01', '2017-01-29'),
(30, '2017', '01', '2017-01-30'),
(31, '2017', '01', '2017-01-31'),
(32, '2017', '02', '2017-02-01'),
(33, '2017', '02', '2017-02-02'),
(34, '2017', '02', '2017-02-03'),
(35, '2017', '02', '2017-02-04'),
(36, '2017', '02', '2017-02-05'),
(37, '2017', '02', '2017-02-06'),
(38, '2017', '02', '2017-02-07'),
(39, '2017', '02', '2017-02-08'),
(40, '2017', '02', '2017-02-09'),
(41, '2017', '02', '2017-02-10'),
(42, '2017', '02', '2017-02-11'),
(43, '2017', '02', '2017-02-12'),
(44, '2017', '02', '2017-02-13'),
(45, '2017', '02', '2017-02-14'),
(46, '2017', '02', '2017-02-15'),
(47, '2017', '02', '2017-02-16'),
(48, '2017', '02', '2017-02-17'),
(49, '2017', '02', '2017-02-18'),
(50, '2017', '02', '2017-02-19'),
(51, '2017', '02', '2017-02-20'),
(52, '2017', '02', '2017-02-21'),
(53, '2017', '02', '2017-02-22'),
(54, '2017', '02', '2017-02-23'),
(55, '2017', '02', '2017-02-24'),
(56, '2017', '02', '2017-02-25'),
(57, '2017', '02', '2017-02-26'),
(58, '2017', '02', '2017-02-27'),
(59, '2017', '02', '2017-02-28'),
(60, '2017', '03', '2017-03-01'),
(61, '2017', '03', '2017-03-02'),
(62, '2017', '03', '2017-03-03'),
(63, '2017', '03', '2017-03-04'),
(64, '2017', '03', '2017-03-05'),
(65, '2017', '03', '2017-03-06'),
(66, '2017', '03', '2017-03-07'),
(67, '2017', '03', '2017-03-08'),
(68, '2017', '03', '2017-03-09'),
(69, '2017', '03', '2017-03-10'),
(70, '2017', '03', '2017-03-11'),
(71, '2017', '03', '2017-03-12'),
(72, '2017', '03', '2017-03-13'),
(73, '2017', '03', '2017-03-14'),
(74, '2017', '03', '2017-03-15'),
(75, '2017', '03', '2017-03-16'),
(76, '2017', '03', '2017-03-17'),
(77, '2017', '03', '2017-03-18'),
(78, '2017', '03', '2017-03-19'),
(79, '2017', '03', '2017-03-20'),
(80, '2017', '03', '2017-03-21'),
(81, '2017', '03', '2017-03-22'),
(82, '2017', '03', '2017-03-23'),
(83, '2017', '03', '2017-03-24'),
(84, '2017', '03', '2017-03-25'),
(85, '2017', '03', '2017-03-26'),
(86, '2017', '03', '2017-03-27'),
(87, '2017', '03', '2017-03-28'),
(88, '2017', '03', '2017-03-29'),
(89, '2017', '03', '2017-03-30'),
(90, '2017', '03', '2017-03-31'),
(91, '2017', '04', '2017-04-01'),
(92, '2017', '04', '2017-04-02'),
(93, '2017', '04', '2017-04-03'),
(94, '2017', '04', '2017-04-04'),
(95, '2017', '04', '2017-04-05'),
(96, '2017', '04', '2017-04-06'),
(97, '2017', '04', '2017-04-07'),
(98, '2017', '04', '2017-04-08'),
(99, '2017', '04', '2017-04-09'),
(100, '2017', '04', '2017-04-10'),
(101, '2017', '04', '2017-04-11'),
(102, '2017', '04', '2017-04-12'),
(103, '2017', '04', '2017-04-13'),
(104, '2017', '04', '2017-04-14'),
(105, '2017', '04', '2017-04-15'),
(106, '2017', '04', '2017-04-16'),
(107, '2017', '04', '2017-04-17'),
(108, '2017', '04', '2017-04-18'),
(109, '2017', '04', '2017-04-19'),
(110, '2017', '04', '2017-04-20'),
(111, '2017', '04', '2017-04-21'),
(112, '2017', '04', '2017-04-22'),
(113, '2017', '04', '2017-04-23'),
(114, '2017', '04', '2017-04-24'),
(115, '2017', '04', '2017-04-25'),
(116, '2017', '04', '2017-04-26'),
(117, '2017', '04', '2017-04-27'),
(118, '2017', '04', '2017-04-28'),
(119, '2017', '04', '2017-04-29'),
(120, '2017', '04', '2017-04-30'),
(121, '2017', '05', '2017-05-01'),
(122, '2017', '05', '2017-05-02'),
(123, '2017', '05', '2017-05-03'),
(124, '2017', '05', '2017-05-04'),
(125, '2017', '05', '2017-05-05'),
(126, '2017', '05', '2017-05-06'),
(127, '2017', '05', '2017-05-07'),
(128, '2017', '05', '2017-05-08'),
(129, '2017', '05', '2017-05-09'),
(130, '2017', '05', '2017-05-10'),
(131, '2017', '05', '2017-05-11'),
(132, '2017', '05', '2017-05-12'),
(133, '2017', '05', '2017-05-13'),
(134, '2017', '05', '2017-05-14'),
(135, '2017', '05', '2017-05-15'),
(136, '2017', '05', '2017-05-16'),
(137, '2017', '05', '2017-05-17'),
(138, '2017', '05', '2017-05-18'),
(139, '2017', '05', '2017-05-19'),
(140, '2017', '05', '2017-05-20'),
(141, '2017', '05', '2017-05-21'),
(142, '2017', '05', '2017-05-22'),
(143, '2017', '05', '2017-05-23'),
(144, '2017', '05', '2017-05-24'),
(145, '2017', '05', '2017-05-25'),
(146, '2017', '05', '2017-05-26'),
(147, '2017', '05', '2017-05-27'),
(148, '2017', '05', '2017-05-28'),
(149, '2017', '05', '2017-05-29'),
(150, '2017', '05', '2017-05-30'),
(151, '2017', '05', '2017-05-31'),
(152, '2017', '06', '2017-06-01'),
(153, '2017', '06', '2017-06-02'),
(154, '2017', '06', '2017-06-03'),
(155, '2017', '06', '2017-06-04'),
(156, '2017', '06', '2017-06-05'),
(157, '2017', '06', '2017-06-06'),
(158, '2017', '06', '2017-06-07'),
(159, '2017', '06', '2017-06-08'),
(160, '2017', '06', '2017-06-09'),
(161, '2017', '06', '2017-06-10'),
(162, '2017', '06', '2017-06-11'),
(163, '2017', '06', '2017-06-12'),
(164, '2017', '06', '2017-06-13'),
(165, '2017', '06', '2017-06-14'),
(166, '2017', '06', '2017-06-15'),
(167, '2017', '06', '2017-06-16'),
(168, '2017', '06', '2017-06-17'),
(169, '2017', '06', '2017-06-18'),
(170, '2017', '06', '2017-06-19'),
(171, '2017', '06', '2017-06-20'),
(172, '2017', '06', '2017-06-21'),
(173, '2017', '06', '2017-06-22'),
(174, '2017', '06', '2017-06-23'),
(175, '2017', '06', '2017-06-24'),
(176, '2017', '06', '2017-06-25'),
(177, '2017', '06', '2017-06-26'),
(178, '2017', '06', '2017-06-27'),
(179, '2017', '06', '2017-06-28'),
(180, '2017', '06', '2017-06-29'),
(181, '2017', '06', '2017-06-30'),
(182, '2017', '07', '2017-07-01'),
(183, '2017', '07', '2017-07-02'),
(184, '2017', '07', '2017-07-03'),
(185, '2017', '07', '2017-07-04'),
(186, '2017', '07', '2017-07-05'),
(187, '2017', '07', '2017-07-06'),
(188, '2017', '07', '2017-07-07'),
(189, '2017', '07', '2017-07-08'),
(190, '2017', '07', '2017-07-09'),
(191, '2017', '07', '2017-07-10'),
(192, '2017', '07', '2017-07-11'),
(193, '2017', '07', '2017-07-12'),
(194, '2017', '07', '2017-07-13'),
(195, '2017', '07', '2017-07-14'),
(196, '2017', '07', '2017-07-15'),
(197, '2017', '07', '2017-07-16'),
(198, '2017', '07', '2017-07-17'),
(199, '2017', '07', '2017-07-18'),
(200, '2017', '07', '2017-07-19'),
(201, '2017', '07', '2017-07-20'),
(202, '2017', '07', '2017-07-21'),
(203, '2017', '07', '2017-07-22'),
(204, '2017', '07', '2017-07-23'),
(205, '2017', '07', '2017-07-24'),
(206, '2017', '07', '2017-07-25'),
(207, '2017', '07', '2017-07-26'),
(208, '2017', '07', '2017-07-27'),
(209, '2017', '07', '2017-07-28'),
(210, '2017', '07', '2017-07-29'),
(211, '2017', '07', '2017-07-30'),
(212, '2017', '07', '2017-07-31'),
(213, '2017', '08', '2017-08-01'),
(214, '2017', '08', '2017-08-02'),
(215, '2017', '08', '2017-08-03'),
(216, '2017', '08', '2017-08-04'),
(217, '2017', '08', '2017-08-05'),
(218, '2017', '08', '2017-08-06'),
(219, '2017', '08', '2017-08-07'),
(220, '2017', '08', '2017-08-08'),
(221, '2017', '08', '2017-08-09'),
(222, '2017', '08', '2017-08-10'),
(223, '2017', '08', '2017-08-11'),
(224, '2017', '08', '2017-08-12'),
(225, '2017', '08', '2017-08-13'),
(226, '2017', '08', '2017-08-14'),
(227, '2017', '08', '2017-08-15'),
(228, '2017', '08', '2017-08-16'),
(229, '2017', '08', '2017-08-17'),
(230, '2017', '08', '2017-08-18'),
(231, '2017', '08', '2017-08-19'),
(232, '2017', '08', '2017-08-20'),
(233, '2017', '08', '2017-08-21'),
(234, '2017', '08', '2017-08-22'),
(235, '2017', '08', '2017-08-23'),
(236, '2017', '08', '2017-08-24'),
(237, '2017', '08', '2017-08-25'),
(238, '2017', '08', '2017-08-26'),
(239, '2017', '08', '2017-08-27'),
(240, '2017', '08', '2017-08-28'),
(241, '2017', '08', '2017-08-29'),
(242, '2017', '08', '2017-08-30'),
(243, '2017', '08', '2017-08-31'),
(244, '2017', '09', '2017-09-01'),
(245, '2017', '09', '2017-09-02'),
(246, '2017', '09', '2017-09-03'),
(247, '2017', '09', '2017-09-04'),
(248, '2017', '09', '2017-09-05'),
(249, '2017', '09', '2017-09-06'),
(250, '2017', '09', '2017-09-07'),
(251, '2017', '09', '2017-09-08'),
(252, '2017', '09', '2017-09-09'),
(253, '2017', '09', '2017-09-10'),
(254, '2017', '09', '2017-09-11'),
(255, '2017', '09', '2017-09-12'),
(256, '2017', '09', '2017-09-13'),
(257, '2017', '09', '2017-09-14'),
(258, '2017', '09', '2017-09-15'),
(259, '2017', '09', '2017-09-16'),
(260, '2017', '09', '2017-09-17'),
(261, '2017', '09', '2017-09-18'),
(262, '2017', '09', '2017-09-19'),
(263, '2017', '09', '2017-09-20'),
(264, '2017', '09', '2017-09-21'),
(265, '2017', '09', '2017-09-22'),
(266, '2017', '09', '2017-09-23'),
(267, '2017', '09', '2017-09-24'),
(268, '2017', '09', '2017-09-25'),
(269, '2017', '09', '2017-09-26'),
(270, '2017', '09', '2017-09-27'),
(271, '2017', '09', '2017-09-28'),
(272, '2017', '09', '2017-09-29'),
(273, '2017', '09', '2017-09-30'),
(274, '2017', '10', '2017-10-01'),
(275, '2017', '10', '2017-10-02'),
(276, '2017', '10', '2017-10-03'),
(277, '2017', '10', '2017-10-04'),
(278, '2017', '10', '2017-10-05'),
(279, '2017', '10', '2017-10-06'),
(280, '2017', '10', '2017-10-07'),
(281, '2017', '10', '2017-10-08'),
(282, '2017', '10', '2017-10-09'),
(283, '2017', '10', '2017-10-10'),
(284, '2017', '10', '2017-10-11'),
(285, '2017', '10', '2017-10-12'),
(286, '2017', '10', '2017-10-13'),
(287, '2017', '10', '2017-10-14'),
(288, '2017', '10', '2017-10-15'),
(289, '2017', '10', '2017-10-16'),
(290, '2017', '10', '2017-10-17'),
(291, '2017', '10', '2017-10-18'),
(292, '2017', '10', '2017-10-19'),
(293, '2017', '10', '2017-10-20'),
(294, '2017', '10', '2017-10-21'),
(295, '2017', '10', '2017-10-22'),
(296, '2017', '10', '2017-10-23'),
(297, '2017', '10', '2017-10-24'),
(298, '2017', '10', '2017-10-25'),
(299, '2017', '10', '2017-10-26'),
(300, '2017', '10', '2017-10-27'),
(301, '2017', '10', '2017-10-28'),
(302, '2017', '10', '2017-10-29'),
(303, '2017', '10', '2017-10-30'),
(304, '2017', '10', '2017-10-31'),
(305, '2017', '11', '2017-11-01'),
(306, '2017', '11', '2017-11-02'),
(307, '2017', '11', '2017-11-03'),
(308, '2017', '11', '2017-11-04'),
(309, '2017', '11', '2017-11-05'),
(310, '2017', '11', '2017-11-06'),
(311, '2017', '11', '2017-11-07'),
(312, '2017', '11', '2017-11-08'),
(313, '2017', '11', '2017-11-09'),
(314, '2017', '11', '2017-11-10'),
(315, '2017', '11', '2017-11-11'),
(316, '2017', '11', '2017-11-12'),
(317, '2017', '11', '2017-11-13'),
(318, '2017', '11', '2017-11-14'),
(319, '2017', '11', '2017-11-15'),
(320, '2017', '11', '2017-11-16'),
(321, '2017', '11', '2017-11-17'),
(322, '2017', '11', '2017-11-18'),
(323, '2017', '11', '2017-11-19'),
(324, '2017', '11', '2017-11-20'),
(325, '2017', '11', '2017-11-21'),
(326, '2017', '11', '2017-11-22'),
(327, '2017', '11', '2017-11-23'),
(328, '2017', '11', '2017-11-24'),
(329, '2017', '11', '2017-11-25'),
(330, '2017', '11', '2017-11-26'),
(331, '2017', '11', '2017-11-27'),
(332, '2017', '11', '2017-11-28'),
(333, '2017', '11', '2017-11-29'),
(334, '2017', '11', '2017-11-30'),
(335, '2017', '12', '2017-12-01'),
(336, '2017', '12', '2017-12-02'),
(337, '2017', '12', '2017-12-03'),
(338, '2017', '12', '2017-12-04'),
(339, '2017', '12', '2017-12-05'),
(340, '2017', '12', '2017-12-06'),
(341, '2017', '12', '2017-12-07'),
(342, '2017', '12', '2017-12-08'),
(343, '2017', '12', '2017-12-09'),
(344, '2017', '12', '2017-12-10'),
(345, '2017', '12', '2017-12-11'),
(346, '2017', '12', '2017-12-12'),
(347, '2017', '12', '2017-12-13'),
(348, '2017', '12', '2017-12-14'),
(349, '2017', '12', '2017-12-15'),
(350, '2017', '12', '2017-12-16'),
(351, '2017', '12', '2017-12-17'),
(352, '2017', '12', '2017-12-18'),
(353, '2017', '12', '2017-12-19'),
(354, '2017', '12', '2017-12-20'),
(355, '2017', '12', '2017-12-21'),
(356, '2017', '12', '2017-12-22'),
(357, '2017', '12', '2017-12-23'),
(358, '2017', '12', '2017-12-24'),
(359, '2017', '12', '2017-12-25'),
(360, '2017', '12', '2017-12-26'),
(361, '2017', '12', '2017-12-27'),
(362, '2017', '12', '2017-12-28'),
(363, '2017', '12', '2017-12-29'),
(364, '2017', '12', '2017-12-30'),
(365, '2017', '12', '2017-12-31'),
(366, '2018', '01', '2018-01-01'),
(367, '2018', '01', '2018-01-02'),
(368, '2018', '01', '2018-01-03'),
(369, '2018', '01', '2018-01-04'),
(370, '2018', '01', '2018-01-05'),
(371, '2018', '01', '2018-01-06'),
(372, '2018', '01', '2018-01-07'),
(373, '2018', '01', '2018-01-08'),
(374, '2018', '01', '2018-01-09'),
(375, '2018', '01', '2018-01-10'),
(376, '2018', '01', '2018-01-11'),
(377, '2018', '01', '2018-01-12'),
(378, '2018', '01', '2018-01-13'),
(379, '2018', '01', '2018-01-14'),
(380, '2018', '01', '2018-01-15'),
(381, '2018', '01', '2018-01-16'),
(382, '2018', '01', '2018-01-17'),
(383, '2018', '01', '2018-01-18'),
(384, '2018', '01', '2018-01-19'),
(385, '2018', '01', '2018-01-20'),
(386, '2018', '01', '2018-01-21'),
(387, '2018', '01', '2018-01-22'),
(388, '2018', '01', '2018-01-23'),
(389, '2018', '01', '2018-01-24'),
(390, '2018', '01', '2018-01-25'),
(391, '2018', '01', '2018-01-26'),
(392, '2018', '01', '2018-01-27'),
(393, '2018', '01', '2018-01-28'),
(394, '2018', '01', '2018-01-29'),
(395, '2018', '01', '2018-01-30'),
(396, '2018', '01', '2018-01-31'),
(397, '2018', '02', '2018-02-01'),
(398, '2018', '02', '2018-02-02'),
(399, '2018', '02', '2018-02-03'),
(400, '2018', '02', '2018-02-04'),
(401, '2018', '02', '2018-02-05'),
(402, '2018', '02', '2018-02-06'),
(403, '2018', '02', '2018-02-07'),
(404, '2018', '02', '2018-02-08'),
(405, '2018', '02', '2018-02-09'),
(406, '2018', '02', '2018-02-10'),
(407, '2018', '02', '2018-02-11'),
(408, '2018', '02', '2018-02-12'),
(409, '2018', '02', '2018-02-13'),
(410, '2018', '02', '2018-02-14'),
(411, '2018', '02', '2018-02-15'),
(412, '2018', '02', '2018-02-16'),
(413, '2018', '02', '2018-02-17'),
(414, '2018', '02', '2018-02-18'),
(415, '2018', '02', '2018-02-19'),
(416, '2018', '02', '2018-02-20'),
(417, '2018', '02', '2018-02-21'),
(418, '2018', '02', '2018-02-22'),
(419, '2018', '02', '2018-02-23'),
(420, '2018', '02', '2018-02-24'),
(421, '2018', '02', '2018-02-25'),
(422, '2018', '02', '2018-02-26'),
(423, '2018', '02', '2018-02-27'),
(424, '2018', '02', '2018-02-28'),
(425, '2018', '03', '2018-03-01'),
(426, '2018', '03', '2018-03-02'),
(427, '2018', '03', '2018-03-03'),
(428, '2018', '03', '2018-03-04'),
(429, '2018', '03', '2018-03-05'),
(430, '2018', '03', '2018-03-06'),
(431, '2018', '03', '2018-03-07'),
(432, '2018', '03', '2018-03-08'),
(433, '2018', '03', '2018-03-09'),
(434, '2018', '03', '2018-03-10'),
(435, '2018', '03', '2018-03-11'),
(436, '2018', '03', '2018-03-12'),
(437, '2018', '03', '2018-03-13'),
(438, '2018', '03', '2018-03-14'),
(439, '2018', '03', '2018-03-15'),
(440, '2018', '03', '2018-03-16'),
(441, '2018', '03', '2018-03-17'),
(442, '2018', '03', '2018-03-18'),
(443, '2018', '03', '2018-03-19'),
(444, '2018', '03', '2018-03-20'),
(445, '2018', '03', '2018-03-21'),
(446, '2018', '03', '2018-03-22'),
(447, '2018', '03', '2018-03-23'),
(448, '2018', '03', '2018-03-24'),
(449, '2018', '03', '2018-03-25'),
(450, '2018', '03', '2018-03-26'),
(451, '2018', '03', '2018-03-27'),
(452, '2018', '03', '2018-03-28'),
(453, '2018', '03', '2018-03-29'),
(454, '2018', '03', '2018-03-30'),
(455, '2018', '03', '2018-03-31'),
(456, '2018', '04', '2018-04-01'),
(457, '2018', '04', '2018-04-02'),
(458, '2018', '04', '2018-04-03'),
(459, '2018', '04', '2018-04-04'),
(460, '2018', '04', '2018-04-05'),
(461, '2018', '04', '2018-04-06'),
(462, '2018', '04', '2018-04-07'),
(463, '2018', '04', '2018-04-08'),
(464, '2018', '04', '2018-04-09'),
(465, '2018', '04', '2018-04-10'),
(466, '2018', '04', '2018-04-11'),
(467, '2018', '04', '2018-04-12'),
(468, '2018', '04', '2018-04-13'),
(469, '2018', '04', '2018-04-14'),
(470, '2018', '04', '2018-04-15'),
(471, '2018', '04', '2018-04-16'),
(472, '2018', '04', '2018-04-17'),
(473, '2018', '04', '2018-04-18'),
(474, '2018', '04', '2018-04-19'),
(475, '2018', '04', '2018-04-20'),
(476, '2018', '04', '2018-04-21'),
(477, '2018', '04', '2018-04-22'),
(478, '2018', '04', '2018-04-23'),
(479, '2018', '04', '2018-04-24'),
(480, '2018', '04', '2018-04-25'),
(481, '2018', '04', '2018-04-26'),
(482, '2018', '04', '2018-04-27'),
(483, '2018', '04', '2018-04-28'),
(484, '2018', '04', '2018-04-29'),
(485, '2018', '04', '2018-04-30'),
(486, '2018', '05', '2018-05-01'),
(487, '2018', '05', '2018-05-02'),
(488, '2018', '05', '2018-05-03'),
(489, '2018', '05', '2018-05-04'),
(490, '2018', '05', '2018-05-05'),
(491, '2018', '05', '2018-05-06'),
(492, '2018', '05', '2018-05-07'),
(493, '2018', '05', '2018-05-08'),
(494, '2018', '05', '2018-05-09'),
(495, '2018', '05', '2018-05-10'),
(496, '2018', '05', '2018-05-11'),
(497, '2018', '05', '2018-05-12'),
(498, '2018', '05', '2018-05-13'),
(499, '2018', '05', '2018-05-14'),
(500, '2018', '05', '2018-05-15'),
(501, '2018', '05', '2018-05-16'),
(502, '2018', '05', '2018-05-17'),
(503, '2018', '05', '2018-05-18'),
(504, '2018', '05', '2018-05-19'),
(505, '2018', '05', '2018-05-20'),
(506, '2018', '05', '2018-05-21'),
(507, '2018', '05', '2018-05-22'),
(508, '2018', '05', '2018-05-23'),
(509, '2018', '05', '2018-05-24'),
(510, '2018', '05', '2018-05-25'),
(511, '2018', '05', '2018-05-26'),
(512, '2018', '05', '2018-05-27'),
(513, '2018', '05', '2018-05-28'),
(514, '2018', '05', '2018-05-29'),
(515, '2018', '05', '2018-05-30'),
(516, '2018', '05', '2018-05-31'),
(517, '2018', '06', '2018-06-01'),
(518, '2018', '06', '2018-06-02'),
(519, '2018', '06', '2018-06-03'),
(520, '2018', '06', '2018-06-04'),
(521, '2018', '06', '2018-06-05'),
(522, '2018', '06', '2018-06-06'),
(523, '2018', '06', '2018-06-07'),
(524, '2018', '06', '2018-06-08'),
(525, '2018', '06', '2018-06-09'),
(526, '2018', '06', '2018-06-10'),
(527, '2018', '06', '2018-06-11'),
(528, '2018', '06', '2018-06-12'),
(529, '2018', '06', '2018-06-13'),
(530, '2018', '06', '2018-06-14'),
(531, '2018', '06', '2018-06-15'),
(532, '2018', '06', '2018-06-16'),
(533, '2018', '06', '2018-06-17'),
(534, '2018', '06', '2018-06-18'),
(535, '2018', '06', '2018-06-19'),
(536, '2018', '06', '2018-06-20'),
(537, '2018', '06', '2018-06-21'),
(538, '2018', '06', '2018-06-22'),
(539, '2018', '06', '2018-06-23'),
(540, '2018', '06', '2018-06-24'),
(541, '2018', '06', '2018-06-25'),
(542, '2018', '06', '2018-06-26'),
(543, '2018', '06', '2018-06-27'),
(544, '2018', '06', '2018-06-28'),
(545, '2018', '06', '2018-06-29'),
(546, '2018', '06', '2018-06-30'),
(547, '2018', '07', '2018-07-01'),
(548, '2018', '07', '2018-07-02'),
(549, '2018', '07', '2018-07-03'),
(550, '2018', '07', '2018-07-04'),
(551, '2018', '07', '2018-07-05'),
(552, '2018', '07', '2018-07-06'),
(553, '2018', '07', '2018-07-07'),
(554, '2018', '07', '2018-07-08'),
(555, '2018', '07', '2018-07-09'),
(556, '2018', '07', '2018-07-10'),
(557, '2018', '07', '2018-07-11'),
(558, '2018', '07', '2018-07-12'),
(559, '2018', '07', '2018-07-13'),
(560, '2018', '07', '2018-07-14'),
(561, '2018', '07', '2018-07-15'),
(562, '2018', '07', '2018-07-16'),
(563, '2018', '07', '2018-07-17'),
(564, '2018', '07', '2018-07-18'),
(565, '2018', '07', '2018-07-19'),
(566, '2018', '07', '2018-07-20'),
(567, '2018', '07', '2018-07-21'),
(568, '2018', '07', '2018-07-22'),
(569, '2018', '07', '2018-07-23'),
(570, '2018', '07', '2018-07-24'),
(571, '2018', '07', '2018-07-25'),
(572, '2018', '07', '2018-07-26'),
(573, '2018', '07', '2018-07-27'),
(574, '2018', '07', '2018-07-28'),
(575, '2018', '07', '2018-07-29'),
(576, '2018', '07', '2018-07-30'),
(577, '2018', '07', '2018-07-31'),
(578, '2018', '08', '2018-08-01'),
(579, '2018', '08', '2018-08-02'),
(580, '2018', '08', '2018-08-03'),
(581, '2018', '08', '2018-08-04'),
(582, '2018', '08', '2018-08-05'),
(583, '2018', '08', '2018-08-06'),
(584, '2018', '08', '2018-08-07'),
(585, '2018', '08', '2018-08-08'),
(586, '2018', '08', '2018-08-09'),
(587, '2018', '08', '2018-08-10'),
(588, '2018', '08', '2018-08-11'),
(589, '2018', '08', '2018-08-12'),
(590, '2018', '08', '2018-08-13'),
(591, '2018', '08', '2018-08-14'),
(592, '2018', '08', '2018-08-15'),
(593, '2018', '08', '2018-08-16'),
(594, '2018', '08', '2018-08-17'),
(595, '2018', '08', '2018-08-18'),
(596, '2018', '08', '2018-08-19'),
(597, '2018', '08', '2018-08-20'),
(598, '2018', '08', '2018-08-21'),
(599, '2018', '08', '2018-08-22'),
(600, '2018', '08', '2018-08-23'),
(601, '2018', '08', '2018-08-24'),
(602, '2018', '08', '2018-08-25'),
(603, '2018', '08', '2018-08-26'),
(604, '2018', '08', '2018-08-27'),
(605, '2018', '08', '2018-08-28'),
(606, '2018', '08', '2018-08-29'),
(607, '2018', '08', '2018-08-30'),
(608, '2018', '08', '2018-08-31'),
(609, '2018', '09', '2018-09-01'),
(610, '2018', '09', '2018-09-02'),
(611, '2018', '09', '2018-09-03'),
(612, '2018', '09', '2018-09-04'),
(613, '2018', '09', '2018-09-05'),
(614, '2018', '09', '2018-09-06'),
(615, '2018', '09', '2018-09-07'),
(616, '2018', '09', '2018-09-08'),
(617, '2018', '09', '2018-09-09'),
(618, '2018', '09', '2018-09-10'),
(619, '2018', '09', '2018-09-11'),
(620, '2018', '09', '2018-09-12'),
(621, '2018', '09', '2018-09-13'),
(622, '2018', '09', '2018-09-14'),
(623, '2018', '09', '2018-09-15'),
(624, '2018', '09', '2018-09-16'),
(625, '2018', '09', '2018-09-17'),
(626, '2018', '09', '2018-09-18'),
(627, '2018', '09', '2018-09-19'),
(628, '2018', '09', '2018-09-20'),
(629, '2018', '09', '2018-09-21'),
(630, '2018', '09', '2018-09-22'),
(631, '2018', '09', '2018-09-23'),
(632, '2018', '09', '2018-09-24'),
(633, '2018', '09', '2018-09-25'),
(634, '2018', '09', '2018-09-26'),
(635, '2018', '09', '2018-09-27'),
(636, '2018', '09', '2018-09-28'),
(637, '2018', '09', '2018-09-29'),
(638, '2018', '09', '2018-09-30'),
(639, '2018', '10', '2018-10-01'),
(640, '2018', '10', '2018-10-02'),
(641, '2018', '10', '2018-10-03'),
(642, '2018', '10', '2018-10-04'),
(643, '2018', '10', '2018-10-05'),
(644, '2018', '10', '2018-10-06'),
(645, '2018', '10', '2018-10-07'),
(646, '2018', '10', '2018-10-08'),
(647, '2018', '10', '2018-10-09'),
(648, '2018', '10', '2018-10-10'),
(649, '2018', '10', '2018-10-11'),
(650, '2018', '10', '2018-10-12'),
(651, '2018', '10', '2018-10-13'),
(652, '2018', '10', '2018-10-14'),
(653, '2018', '10', '2018-10-15'),
(654, '2018', '10', '2018-10-16'),
(655, '2018', '10', '2018-10-17'),
(656, '2018', '10', '2018-10-18'),
(657, '2018', '10', '2018-10-19'),
(658, '2018', '10', '2018-10-20'),
(659, '2018', '10', '2018-10-21'),
(660, '2018', '10', '2018-10-22'),
(661, '2018', '10', '2018-10-23'),
(662, '2018', '10', '2018-10-24'),
(663, '2018', '10', '2018-10-25'),
(664, '2018', '10', '2018-10-26'),
(665, '2018', '10', '2018-10-27'),
(666, '2018', '10', '2018-10-28'),
(667, '2018', '10', '2018-10-29'),
(668, '2018', '10', '2018-10-30'),
(669, '2018', '10', '2018-10-31'),
(670, '2018', '11', '2018-11-01'),
(671, '2018', '11', '2018-11-02'),
(672, '2018', '11', '2018-11-03'),
(673, '2018', '11', '2018-11-04'),
(674, '2018', '11', '2018-11-05'),
(675, '2018', '11', '2018-11-06'),
(676, '2018', '11', '2018-11-07'),
(677, '2018', '11', '2018-11-08'),
(678, '2018', '11', '2018-11-09'),
(679, '2018', '11', '2018-11-10'),
(680, '2018', '11', '2018-11-11'),
(681, '2018', '11', '2018-11-12'),
(682, '2018', '11', '2018-11-13'),
(683, '2018', '11', '2018-11-14'),
(684, '2018', '11', '2018-11-15'),
(685, '2018', '11', '2018-11-16'),
(686, '2018', '11', '2018-11-17'),
(687, '2018', '11', '2018-11-18'),
(688, '2018', '11', '2018-11-19'),
(689, '2018', '11', '2018-11-20'),
(690, '2018', '11', '2018-11-21'),
(691, '2018', '11', '2018-11-22'),
(692, '2018', '11', '2018-11-23'),
(693, '2018', '11', '2018-11-24'),
(694, '2018', '11', '2018-11-25'),
(695, '2018', '11', '2018-11-26'),
(696, '2018', '11', '2018-11-27'),
(697, '2018', '11', '2018-11-28'),
(698, '2018', '11', '2018-11-29'),
(699, '2018', '11', '2018-11-30'),
(700, '2018', '12', '2018-12-01'),
(701, '2018', '12', '2018-12-02'),
(702, '2018', '12', '2018-12-03'),
(703, '2018', '12', '2018-12-04'),
(704, '2018', '12', '2018-12-05'),
(705, '2018', '12', '2018-12-06'),
(706, '2018', '12', '2018-12-07'),
(707, '2018', '12', '2018-12-08'),
(708, '2018', '12', '2018-12-09'),
(709, '2018', '12', '2018-12-10'),
(710, '2018', '12', '2018-12-11'),
(711, '2018', '12', '2018-12-12'),
(712, '2018', '12', '2018-12-13'),
(713, '2018', '12', '2018-12-14'),
(714, '2018', '12', '2018-12-15'),
(715, '2018', '12', '2018-12-16'),
(716, '2018', '12', '2018-12-17'),
(717, '2018', '12', '2018-12-18'),
(718, '2018', '12', '2018-12-19'),
(719, '2018', '12', '2018-12-20'),
(720, '2018', '12', '2018-12-21'),
(721, '2018', '12', '2018-12-22'),
(722, '2018', '12', '2018-12-23'),
(723, '2018', '12', '2018-12-24'),
(724, '2018', '12', '2018-12-25'),
(725, '2018', '12', '2018-12-26'),
(726, '2018', '12', '2018-12-27'),
(727, '2018', '12', '2018-12-28'),
(728, '2018', '12', '2018-12-29'),
(729, '2018', '12', '2018-12-30'),
(730, '2018', '12', '2018-12-31'),
(731, '2019', '01', '2019-01-01'),
(732, '2019', '01', '2019-01-02'),
(733, '2019', '01', '2019-01-03'),
(734, '2019', '01', '2019-01-04'),
(735, '2019', '01', '2019-01-05'),
(736, '2019', '01', '2019-01-06'),
(737, '2019', '01', '2019-01-07'),
(738, '2019', '01', '2019-01-08'),
(739, '2019', '01', '2019-01-09'),
(740, '2019', '01', '2019-01-10'),
(741, '2019', '01', '2019-01-11'),
(742, '2019', '01', '2019-01-12'),
(743, '2019', '01', '2019-01-13'),
(744, '2019', '01', '2019-01-14'),
(745, '2019', '01', '2019-01-15'),
(746, '2019', '01', '2019-01-16'),
(747, '2019', '01', '2019-01-17'),
(748, '2019', '01', '2019-01-18'),
(749, '2019', '01', '2019-01-19'),
(750, '2019', '01', '2019-01-20'),
(751, '2019', '01', '2019-01-21'),
(752, '2019', '01', '2019-01-22'),
(753, '2019', '01', '2019-01-23'),
(754, '2019', '01', '2019-01-24'),
(755, '2019', '01', '2019-01-25'),
(756, '2019', '01', '2019-01-26'),
(757, '2019', '01', '2019-01-27'),
(758, '2019', '01', '2019-01-28'),
(759, '2019', '01', '2019-01-29'),
(760, '2019', '01', '2019-01-30'),
(761, '2019', '01', '2019-01-31'),
(762, '2019', '02', '2019-02-01'),
(763, '2019', '02', '2019-02-02'),
(764, '2019', '02', '2019-02-03'),
(765, '2019', '02', '2019-02-04'),
(766, '2019', '02', '2019-02-05'),
(767, '2019', '02', '2019-02-06'),
(768, '2019', '02', '2019-02-07'),
(769, '2019', '02', '2019-02-08'),
(770, '2019', '02', '2019-02-09'),
(771, '2019', '02', '2019-02-10'),
(772, '2019', '02', '2019-02-11'),
(773, '2019', '02', '2019-02-12'),
(774, '2019', '02', '2019-02-13'),
(775, '2019', '02', '2019-02-14'),
(776, '2019', '02', '2019-02-15'),
(777, '2019', '02', '2019-02-16'),
(778, '2019', '02', '2019-02-17'),
(779, '2019', '02', '2019-02-18'),
(780, '2019', '02', '2019-02-19'),
(781, '2019', '02', '2019-02-20'),
(782, '2019', '02', '2019-02-21'),
(783, '2019', '02', '2019-02-22'),
(784, '2019', '02', '2019-02-23'),
(785, '2019', '02', '2019-02-24'),
(786, '2019', '02', '2019-02-25'),
(787, '2019', '02', '2019-02-26'),
(788, '2019', '02', '2019-02-27'),
(789, '2019', '02', '2019-02-28'),
(790, '2019', '03', '2019-03-01'),
(791, '2019', '03', '2019-03-02'),
(792, '2019', '03', '2019-03-03'),
(793, '2019', '03', '2019-03-04'),
(794, '2019', '03', '2019-03-05'),
(795, '2019', '03', '2019-03-06'),
(796, '2019', '03', '2019-03-07'),
(797, '2019', '03', '2019-03-08'),
(798, '2019', '03', '2019-03-09'),
(799, '2019', '03', '2019-03-10'),
(800, '2019', '03', '2019-03-11'),
(801, '2019', '03', '2019-03-12'),
(802, '2019', '03', '2019-03-13'),
(803, '2019', '03', '2019-03-14'),
(804, '2019', '03', '2019-03-15'),
(805, '2019', '03', '2019-03-16'),
(806, '2019', '03', '2019-03-17'),
(807, '2019', '03', '2019-03-18'),
(808, '2019', '03', '2019-03-19'),
(809, '2019', '03', '2019-03-20'),
(810, '2019', '03', '2019-03-21'),
(811, '2019', '03', '2019-03-22'),
(812, '2019', '03', '2019-03-23'),
(813, '2019', '03', '2019-03-24'),
(814, '2019', '03', '2019-03-25'),
(815, '2019', '03', '2019-03-26'),
(816, '2019', '03', '2019-03-27'),
(817, '2019', '03', '2019-03-28'),
(818, '2019', '03', '2019-03-29'),
(819, '2019', '03', '2019-03-30'),
(820, '2019', '03', '2019-03-31'),
(821, '2019', '04', '2019-04-01'),
(822, '2019', '04', '2019-04-02'),
(823, '2019', '04', '2019-04-03'),
(824, '2019', '04', '2019-04-04'),
(825, '2019', '04', '2019-04-05'),
(826, '2019', '04', '2019-04-06'),
(827, '2019', '04', '2019-04-07'),
(828, '2019', '04', '2019-04-08'),
(829, '2019', '04', '2019-04-09'),
(830, '2019', '04', '2019-04-10'),
(831, '2019', '04', '2019-04-11'),
(832, '2019', '04', '2019-04-12'),
(833, '2019', '04', '2019-04-13'),
(834, '2019', '04', '2019-04-14'),
(835, '2019', '04', '2019-04-15'),
(836, '2019', '04', '2019-04-16'),
(837, '2019', '04', '2019-04-17'),
(838, '2019', '04', '2019-04-18'),
(839, '2019', '04', '2019-04-19'),
(840, '2019', '04', '2019-04-20'),
(841, '2019', '04', '2019-04-21'),
(842, '2019', '04', '2019-04-22'),
(843, '2019', '04', '2019-04-23'),
(844, '2019', '04', '2019-04-24'),
(845, '2019', '04', '2019-04-25'),
(846, '2019', '04', '2019-04-26'),
(847, '2019', '04', '2019-04-27'),
(848, '2019', '04', '2019-04-28'),
(849, '2019', '04', '2019-04-29'),
(850, '2019', '04', '2019-04-30'),
(851, '2019', '05', '2019-05-01'),
(852, '2019', '05', '2019-05-02'),
(853, '2019', '05', '2019-05-03'),
(854, '2019', '05', '2019-05-04'),
(855, '2019', '05', '2019-05-05'),
(856, '2019', '05', '2019-05-06'),
(857, '2019', '05', '2019-05-07'),
(858, '2019', '05', '2019-05-08'),
(859, '2019', '05', '2019-05-09'),
(860, '2019', '05', '2019-05-10'),
(861, '2019', '05', '2019-05-11'),
(862, '2019', '05', '2019-05-12'),
(863, '2019', '05', '2019-05-13'),
(864, '2019', '05', '2019-05-14'),
(865, '2019', '05', '2019-05-15'),
(866, '2019', '05', '2019-05-16'),
(867, '2019', '05', '2019-05-17'),
(868, '2019', '05', '2019-05-18'),
(869, '2019', '05', '2019-05-19'),
(870, '2019', '05', '2019-05-20'),
(871, '2019', '05', '2019-05-21'),
(872, '2019', '05', '2019-05-22'),
(873, '2019', '05', '2019-05-23'),
(874, '2019', '05', '2019-05-24'),
(875, '2019', '05', '2019-05-25'),
(876, '2019', '05', '2019-05-26'),
(877, '2019', '05', '2019-05-27'),
(878, '2019', '05', '2019-05-28'),
(879, '2019', '05', '2019-05-29'),
(880, '2019', '05', '2019-05-30'),
(881, '2019', '05', '2019-05-31'),
(882, '2019', '06', '2019-06-01'),
(883, '2019', '06', '2019-06-02'),
(884, '2019', '06', '2019-06-03'),
(885, '2019', '06', '2019-06-04'),
(886, '2019', '06', '2019-06-05'),
(887, '2019', '06', '2019-06-06'),
(888, '2019', '06', '2019-06-07'),
(889, '2019', '06', '2019-06-08'),
(890, '2019', '06', '2019-06-09'),
(891, '2019', '06', '2019-06-10'),
(892, '2019', '06', '2019-06-11'),
(893, '2019', '06', '2019-06-12'),
(894, '2019', '06', '2019-06-13'),
(895, '2019', '06', '2019-06-14'),
(896, '2019', '06', '2019-06-15'),
(897, '2019', '06', '2019-06-16'),
(898, '2019', '06', '2019-06-17'),
(899, '2019', '06', '2019-06-18'),
(900, '2019', '06', '2019-06-19'),
(901, '2019', '06', '2019-06-20'),
(902, '2019', '06', '2019-06-21'),
(903, '2019', '06', '2019-06-22'),
(904, '2019', '06', '2019-06-23'),
(905, '2019', '06', '2019-06-24'),
(906, '2019', '06', '2019-06-25'),
(907, '2019', '06', '2019-06-26'),
(908, '2019', '06', '2019-06-27'),
(909, '2019', '06', '2019-06-28'),
(910, '2019', '06', '2019-06-29'),
(911, '2019', '06', '2019-06-30'),
(912, '2019', '07', '2019-07-01'),
(913, '2019', '07', '2019-07-02'),
(914, '2019', '07', '2019-07-03'),
(915, '2019', '07', '2019-07-04'),
(916, '2019', '07', '2019-07-05'),
(917, '2019', '07', '2019-07-06'),
(918, '2019', '07', '2019-07-07'),
(919, '2019', '07', '2019-07-08'),
(920, '2019', '07', '2019-07-09'),
(921, '2019', '07', '2019-07-10'),
(922, '2019', '07', '2019-07-11'),
(923, '2019', '07', '2019-07-12'),
(924, '2019', '07', '2019-07-13'),
(925, '2019', '07', '2019-07-14'),
(926, '2019', '07', '2019-07-15'),
(927, '2019', '07', '2019-07-16'),
(928, '2019', '07', '2019-07-17'),
(929, '2019', '07', '2019-07-18'),
(930, '2019', '07', '2019-07-19'),
(931, '2019', '07', '2019-07-20'),
(932, '2019', '07', '2019-07-21'),
(933, '2019', '07', '2019-07-22'),
(934, '2019', '07', '2019-07-23'),
(935, '2019', '07', '2019-07-24'),
(936, '2019', '07', '2019-07-25'),
(937, '2019', '07', '2019-07-26'),
(938, '2019', '07', '2019-07-27'),
(939, '2019', '07', '2019-07-28'),
(940, '2019', '07', '2019-07-29'),
(941, '2019', '07', '2019-07-30'),
(942, '2019', '07', '2019-07-31'),
(943, '2019', '08', '2019-08-01'),
(944, '2019', '08', '2019-08-02'),
(945, '2019', '08', '2019-08-03'),
(946, '2019', '08', '2019-08-04'),
(947, '2019', '08', '2019-08-05'),
(948, '2019', '08', '2019-08-06'),
(949, '2019', '08', '2019-08-07'),
(950, '2019', '08', '2019-08-08'),
(951, '2019', '08', '2019-08-09'),
(952, '2019', '08', '2019-08-10'),
(953, '2019', '08', '2019-08-11'),
(954, '2019', '08', '2019-08-12'),
(955, '2019', '08', '2019-08-13'),
(956, '2019', '08', '2019-08-14'),
(957, '2019', '08', '2019-08-15'),
(958, '2019', '08', '2019-08-16'),
(959, '2019', '08', '2019-08-17'),
(960, '2019', '08', '2019-08-18'),
(961, '2019', '08', '2019-08-19'),
(962, '2019', '08', '2019-08-20'),
(963, '2019', '08', '2019-08-21'),
(964, '2019', '08', '2019-08-22'),
(965, '2019', '08', '2019-08-23'),
(966, '2019', '08', '2019-08-24'),
(967, '2019', '08', '2019-08-25'),
(968, '2019', '08', '2019-08-26'),
(969, '2019', '08', '2019-08-27'),
(970, '2019', '08', '2019-08-28'),
(971, '2019', '08', '2019-08-29'),
(972, '2019', '08', '2019-08-30'),
(973, '2019', '08', '2019-08-31'),
(974, '2019', '09', '2019-09-01'),
(975, '2019', '09', '2019-09-02'),
(976, '2019', '09', '2019-09-03'),
(977, '2019', '09', '2019-09-04'),
(978, '2019', '09', '2019-09-05'),
(979, '2019', '09', '2019-09-06'),
(980, '2019', '09', '2019-09-07'),
(981, '2019', '09', '2019-09-08'),
(982, '2019', '09', '2019-09-09'),
(983, '2019', '09', '2019-09-10'),
(984, '2019', '09', '2019-09-11'),
(985, '2019', '09', '2019-09-12'),
(986, '2019', '09', '2019-09-13'),
(987, '2019', '09', '2019-09-14'),
(988, '2019', '09', '2019-09-15'),
(989, '2019', '09', '2019-09-16'),
(990, '2019', '09', '2019-09-17'),
(991, '2019', '09', '2019-09-18'),
(992, '2019', '09', '2019-09-19'),
(993, '2019', '09', '2019-09-20'),
(994, '2019', '09', '2019-09-21'),
(995, '2019', '09', '2019-09-22'),
(996, '2019', '09', '2019-09-23'),
(997, '2019', '09', '2019-09-24'),
(998, '2019', '09', '2019-09-25'),
(999, '2019', '09', '2019-09-26'),
(1000, '2019', '09', '2019-09-27'),
(1001, '2019', '09', '2019-09-28'),
(1002, '2019', '09', '2019-09-29'),
(1003, '2019', '09', '2019-09-30'),
(1004, '2019', '10', '2019-10-01'),
(1005, '2019', '10', '2019-10-02'),
(1006, '2019', '10', '2019-10-03'),
(1007, '2019', '10', '2019-10-04'),
(1008, '2019', '10', '2019-10-05'),
(1009, '2019', '10', '2019-10-06'),
(1010, '2019', '10', '2019-10-07'),
(1011, '2019', '10', '2019-10-08'),
(1012, '2019', '10', '2019-10-09'),
(1013, '2019', '10', '2019-10-10'),
(1014, '2019', '10', '2019-10-11'),
(1015, '2019', '10', '2019-10-12'),
(1016, '2019', '10', '2019-10-13'),
(1017, '2019', '10', '2019-10-14'),
(1018, '2019', '10', '2019-10-15'),
(1019, '2019', '10', '2019-10-16'),
(1020, '2019', '10', '2019-10-17'),
(1021, '2019', '10', '2019-10-18'),
(1022, '2019', '10', '2019-10-19'),
(1023, '2019', '10', '2019-10-20'),
(1024, '2019', '10', '2019-10-21'),
(1025, '2019', '10', '2019-10-22'),
(1026, '2019', '10', '2019-10-23'),
(1027, '2019', '10', '2019-10-24'),
(1028, '2019', '10', '2019-10-25'),
(1029, '2019', '10', '2019-10-26'),
(1030, '2019', '10', '2019-10-27'),
(1031, '2019', '10', '2019-10-28'),
(1032, '2019', '10', '2019-10-29'),
(1033, '2019', '10', '2019-10-30'),
(1034, '2019', '10', '2019-10-31'),
(1035, '2019', '11', '2019-11-01'),
(1036, '2019', '11', '2019-11-02'),
(1037, '2019', '11', '2019-11-03'),
(1038, '2019', '11', '2019-11-04'),
(1039, '2019', '11', '2019-11-05'),
(1040, '2019', '11', '2019-11-06'),
(1041, '2019', '11', '2019-11-07'),
(1042, '2019', '11', '2019-11-08'),
(1043, '2019', '11', '2019-11-09'),
(1044, '2019', '11', '2019-11-10'),
(1045, '2019', '11', '2019-11-11'),
(1046, '2019', '11', '2019-11-12'),
(1047, '2019', '11', '2019-11-13'),
(1048, '2019', '11', '2019-11-14'),
(1049, '2019', '11', '2019-11-15'),
(1050, '2019', '11', '2019-11-16'),
(1051, '2019', '11', '2019-11-17'),
(1052, '2019', '11', '2019-11-18'),
(1053, '2019', '11', '2019-11-19'),
(1054, '2019', '11', '2019-11-20'),
(1055, '2019', '11', '2019-11-21'),
(1056, '2019', '11', '2019-11-22'),
(1057, '2019', '11', '2019-11-23'),
(1058, '2019', '11', '2019-11-24'),
(1059, '2019', '11', '2019-11-25'),
(1060, '2019', '11', '2019-11-26'),
(1061, '2019', '11', '2019-11-27'),
(1062, '2019', '11', '2019-11-28'),
(1063, '2019', '11', '2019-11-29'),
(1064, '2019', '11', '2019-11-30'),
(1065, '2019', '12', '2019-12-01'),
(1066, '2019', '12', '2019-12-02'),
(1067, '2019', '12', '2019-12-03'),
(1068, '2019', '12', '2019-12-04'),
(1069, '2019', '12', '2019-12-05'),
(1070, '2019', '12', '2019-12-06'),
(1071, '2019', '12', '2019-12-07'),
(1072, '2019', '12', '2019-12-08'),
(1073, '2019', '12', '2019-12-09'),
(1074, '2019', '12', '2019-12-10'),
(1075, '2019', '12', '2019-12-11'),
(1076, '2019', '12', '2019-12-12'),
(1077, '2019', '12', '2019-12-13'),
(1078, '2019', '12', '2019-12-14'),
(1079, '2019', '12', '2019-12-15'),
(1080, '2019', '12', '2019-12-16'),
(1081, '2019', '12', '2019-12-17'),
(1082, '2019', '12', '2019-12-18'),
(1083, '2019', '12', '2019-12-19'),
(1084, '2019', '12', '2019-12-20'),
(1085, '2019', '12', '2019-12-21'),
(1086, '2019', '12', '2019-12-22'),
(1087, '2019', '12', '2019-12-23'),
(1088, '2019', '12', '2019-12-24'),
(1089, '2019', '12', '2019-12-25'),
(1090, '2019', '12', '2019-12-26'),
(1091, '2019', '12', '2019-12-27'),
(1092, '2019', '12', '2019-12-28'),
(1093, '2019', '12', '2019-12-29'),
(1094, '2019', '12', '2019-12-30'),
(1095, '2019', '12', '2019-12-31');

-- --------------------------------------------------------

--
-- Estructura de tabla para la tabla `documento_interno`
--

CREATE TABLE IF NOT EXISTS `documento_interno` (
  `id` int(11) NOT NULL AUTO_INCREMENT,
  `descripcion` varchar(200) NOT NULL,
  `fecha_creacion` timestamp NOT NULL DEFAULT CURRENT_TIMESTAMP,
  PRIMARY KEY (`id`)
) ENGINE=InnoDB  DEFAULT CHARSET=latin1 AUTO_INCREMENT=10 ;

--
-- Volcado de datos para la tabla `documento_interno`
--

INSERT INTO `documento_interno` (`id`, `descripcion`, `fecha_creacion`) VALUES
(1, 'ARBITRIOS', '2017-10-23 16:57:32'),
(2, 'REMUNERACIONES', '2017-10-23 16:57:45'),
(3, 'RECIBO POR HONORARIO', '2017-10-23 16:57:57'),
(4, 'RECIBO DE EGRESO', '2017-10-23 16:58:16'),
(5, 'PLANILLA DE MOVILIDAD', '2017-10-23 16:58:24'),
(6, 'BOUCHER', '2017-10-23 16:58:38'),
(9, 'DOCUMENTO ADMINISTRATIVO', '2017-12-19 15:30:25');

-- --------------------------------------------------------

--
-- Estructura de tabla para la tabla `egresos_caja`
--

CREATE TABLE IF NOT EXISTS `egresos_caja` (
  `id` int(11) NOT NULL AUTO_INCREMENT,
  `monto` decimal(15,6) NOT NULL,
  `numero` int(10) NOT NULL,
  `monto_letras` varchar(300) NOT NULL,
  `concepto` varchar(300) NOT NULL,
  `fecha_registro` date NOT NULL,
  `id_personal` int(11) NOT NULL,
  `id_documento` int(11) NOT NULL,
  PRIMARY KEY (`id`)
) ENGINE=InnoDB  DEFAULT CHARSET=latin1 AUTO_INCREMENT=11 ;

--
-- Volcado de datos para la tabla `egresos_caja`
--

INSERT INTO `egresos_caja` (`id`, `monto`, `numero`, `monto_letras`, `concepto`, `fecha_registro`, `id_personal`, `id_documento`) VALUES
(1, 320.000000, 1, '', 'VENTAS', '2017-01-10', 2, 3),
(2, 25.320000, 2, '', 'ventas', '2017-12-14', 2, 2),
(3, 87.000000, 3, '', 'tramites', '2017-11-21', 3, 1),
(5, 32.000000, 5, '', 'AFP', '2017-11-16', 2, 3),
(6, 150.000000, 6, '', 'PAGO DE IMPUESTOS DE LA MUNICAPILIDAD', '2017-11-10', 4, 1),
(7, 4.000000, 7, '', 'EJEMPLO', '2016-06-10', 1, 1),
(8, 3.000000, 8, '', 'EJEMPLO', '2017-01-28', 1, 2),
(9, 3.230000, 9, '', 'PAGOS', '2017-12-08', 2, 2),
(10, 127.000000, 10, '', 'EJEMPLOS 4', '2018-01-03', 2, 6);

-- --------------------------------------------------------

--
-- Estructura de tabla para la tabla `familia`
--

CREATE TABLE IF NOT EXISTS `familia` (
  `id` int(11) NOT NULL AUTO_INCREMENT,
  `codigo` varchar(6) NOT NULL,
  `descripcion` varchar(300) NOT NULL,
  `fecha_creacion` timestamp NOT NULL DEFAULT CURRENT_TIMESTAMP,
  PRIMARY KEY (`id`)
) ENGINE=InnoDB  DEFAULT CHARSET=latin1 AUTO_INCREMENT=5 ;

--
-- Volcado de datos para la tabla `familia`
--

INSERT INTO `familia` (`id`, `codigo`, `descripcion`, `fecha_creacion`) VALUES
(1, '273736', '-', '2017-12-19 16:52:42'),
(2, '987667', '-', '2017-12-19 16:52:57'),
(3, '1', '-', '2017-12-19 16:55:25'),
(4, '122222', '-', '2017-12-19 17:12:06');

-- --------------------------------------------------------

--
-- Estructura de tabla para la tabla `formulario_comunicados`
--

CREATE TABLE IF NOT EXISTS `formulario_comunicados` (
  `id` int(11) NOT NULL AUTO_INCREMENT,
  `numero` int(11) NOT NULL,
  `asunto` varchar(300) NOT NULL,
  `fecha_creacion` date NOT NULL,
  `id_usuario` int(11) NOT NULL,
  `contenido` text NOT NULL,
  `tipo` enum('FC') NOT NULL,
  PRIMARY KEY (`id`)
) ENGINE=InnoDB  DEFAULT CHARSET=latin1 AUTO_INCREMENT=8 ;

--
-- Volcado de datos para la tabla `formulario_comunicados`
--

INSERT INTO `formulario_comunicados` (`id`, `numero`, `asunto`, `fecha_creacion`, `id_usuario`, `contenido`, `tipo`) VALUES
(4, 1, '', '2017-11-07', 2, 'REUNIÓN DE ADMINISTRADORES', 'FC'),
(5, 2, 'REUNIÓN', '2017-11-08', 4, 'REUNIÓN DE GERENCIA', 'FC'),
(6, 3, 'REUNIÓN', '2017-11-11', 2, 'REUNIÓN PARA EL DÍA DE MAÑANA', 'FC'),
(7, 4, 'REUNIÓN', '2017-12-08', 2, 'REUNIÓN DE GERENCIA - URGENTE', 'FC');

-- --------------------------------------------------------

--
-- Estructura de tabla para la tabla `menu`
--

CREATE TABLE IF NOT EXISTS `menu` (
  `id` int(11) NOT NULL AUTO_INCREMENT,
  `descripcion` varchar(100) NOT NULL,
  `item` int(11) NOT NULL,
  PRIMARY KEY (`id`)
) ENGINE=InnoDB  DEFAULT CHARSET=latin1 AUTO_INCREMENT=12 ;

--
-- Volcado de datos para la tabla `menu`
--

INSERT INTO `menu` (`id`, `descripcion`, `item`) VALUES
(1, 'BASE DE DATOS', 1),
(2, 'ADMINISTRADOR', 5),
(7, 'TRANSACCIONES', 2),
(8, 'ANALITÍCAS', 3),
(11, 'GESTIÓN', 4);

-- --------------------------------------------------------

--
-- Estructura de tabla para la tabla `mes`
--

CREATE TABLE IF NOT EXISTS `mes` (
  `id` int(11) NOT NULL AUTO_INCREMENT,
  `codigo` char(2) NOT NULL,
  `descripcion` varchar(20) NOT NULL,
  `fecha_creacion` timestamp NOT NULL DEFAULT CURRENT_TIMESTAMP,
  PRIMARY KEY (`id`)
) ENGINE=InnoDB  DEFAULT CHARSET=latin1 AUTO_INCREMENT=13 ;

--
-- Volcado de datos para la tabla `mes`
--

INSERT INTO `mes` (`id`, `codigo`, `descripcion`, `fecha_creacion`) VALUES
(1, '01', 'ENERO', '2018-01-10 04:33:46'),
(2, '02', 'FEBRERO', '2018-01-10 04:33:46'),
(3, '03', 'MARZO', '2018-01-10 04:33:46'),
(4, '04', 'ABRIL', '2018-01-10 04:33:46'),
(5, '05', 'MAYO', '2018-01-10 04:33:46'),
(6, '06', 'JUNIO', '2018-01-10 04:33:46'),
(7, '07', 'JULIO', '2018-01-10 04:33:46'),
(8, '08', 'AGOSTO', '2018-01-10 04:33:46'),
(9, '09', 'SEPTIEMBRE', '2018-01-10 04:33:46'),
(10, '10', 'OCTUBRE', '2018-01-10 04:33:46'),
(11, '11', 'NOVIEMBRE', '2018-01-10 04:34:07'),
(12, '12', 'DICIEMBRE', '2018-01-10 04:34:07');

-- --------------------------------------------------------

--
-- Estructura de tabla para la tabla `month`
--

CREATE TABLE IF NOT EXISTS `month` (
  `id` int(11) NOT NULL AUTO_INCREMENT,
  `year` char(4) NOT NULL,
  `month` char(2) NOT NULL,
  PRIMARY KEY (`id`)
) ENGINE=InnoDB  DEFAULT CHARSET=latin1 AUTO_INCREMENT=25 ;

--
-- Volcado de datos para la tabla `month`
--

INSERT INTO `month` (`id`, `year`, `month`) VALUES
(1, '2017', '01'),
(2, '2017', '02'),
(3, '2017', '03'),
(4, '2017', '04'),
(5, '2017', '05'),
(6, '2017', '06'),
(7, '2017', '07'),
(8, '2017', '08'),
(9, '2017', '09'),
(10, '2017', '10'),
(11, '2017', '11'),
(12, '2017', '12'),
(13, '2018', '01'),
(14, '2018', '02'),
(15, '2018', '03'),
(16, '2018', '04'),
(17, '2018', '05'),
(18, '2018', '06'),
(19, '2018', '07'),
(20, '2018', '08'),
(21, '2018', '09'),
(22, '2018', '10'),
(23, '2018', '11'),
(24, '2018', '12');

-- --------------------------------------------------------

--
-- Estructura de tabla para la tabla `pago`
--

CREATE TABLE IF NOT EXISTS `pago` (
  `id` int(11) NOT NULL AUTO_INCREMENT,
  `codigo_puesto` int(11) NOT NULL,
  `id_concepto` int(11) NOT NULL,
  `costo` decimal(15,6) NOT NULL,
  `pago` decimal(15,6) NOT NULL DEFAULT '0.000000',
  `fecha` date NOT NULL,
  `month` char(7) NOT NULL,
  `year` char(4) NOT NULL,
  `day` char(2) NOT NULL,
  `tipo` enum('diario','variable','mensual','unico') NOT NULL,
  `fecha_pago` date NOT NULL,
  `fecha_vencimiento` date NOT NULL,
  `fecha_creacion` timestamp NOT NULL DEFAULT CURRENT_TIMESTAMP,
  PRIMARY KEY (`id`)
) ENGINE=InnoDB  DEFAULT CHARSET=latin1 AUTO_INCREMENT=34 ;

--
-- Volcado de datos para la tabla `pago`
--

INSERT INTO `pago` (`id`, `codigo_puesto`, `id_concepto`, `costo`, `pago`, `fecha`, `month`, `year`, `day`, `tipo`, `fecha_pago`, `fecha_vencimiento`, `fecha_creacion`) VALUES
(1, 3, 1, 0.650000, 0.000000, '2018-01-01', '01', '2018', '01', 'diario', '2018-01-01', '2018-01-01', '2018-01-10 04:55:58'),
(2, 3, 1, 0.650000, 0.000000, '2018-01-02', '01', '2018', '02', 'diario', '2018-01-02', '2018-01-02', '2018-01-10 04:55:58'),
(3, 3, 1, 0.650000, 0.000000, '2018-01-03', '01', '2018', '03', 'diario', '2018-01-03', '2018-01-03', '2018-01-10 04:55:58'),
(4, 3, 1, 0.650000, 0.000000, '2018-01-04', '01', '2018', '04', 'diario', '2018-01-04', '2018-01-04', '2018-01-10 04:55:58'),
(5, 3, 1, 0.650000, 0.000000, '2018-01-05', '01', '2018', '05', 'diario', '2018-01-05', '2018-01-05', '2018-01-10 04:55:58'),
(6, 3, 1, 0.650000, 0.000000, '2018-01-06', '01', '2018', '06', 'diario', '2018-01-06', '2018-01-06', '2018-01-10 04:55:58'),
(7, 3, 1, 0.650000, 0.000000, '2018-01-07', '01', '2018', '07', 'diario', '2018-01-07', '2018-01-07', '2018-01-10 04:55:58'),
(8, 3, 1, 0.650000, 0.000000, '2018-01-08', '01', '2018', '08', 'diario', '2018-01-08', '2018-01-08', '2018-01-10 04:55:58'),
(9, 3, 1, 0.650000, 0.000000, '2018-01-09', '01', '2018', '09', 'diario', '2018-01-09', '2018-01-09', '2018-01-10 04:55:58'),
(10, 3, 1, 0.650000, 0.000000, '2018-01-10', '01', '2018', '10', 'diario', '2018-01-10', '2018-01-10', '2018-01-10 04:55:58'),
(11, 3, 1, 0.650000, 0.000000, '2018-01-11', '01', '2018', '11', 'diario', '2018-01-11', '2018-01-11', '2018-01-10 04:55:59'),
(12, 3, 1, 0.650000, 0.000000, '2018-01-12', '01', '2018', '12', 'diario', '2018-01-12', '2018-01-12', '2018-01-10 04:55:59'),
(13, 3, 1, 0.650000, 0.000000, '2018-01-13', '01', '2018', '13', 'diario', '2018-01-13', '2018-01-13', '2018-01-10 04:55:59'),
(14, 3, 1, 0.650000, 0.000000, '2018-01-14', '01', '2018', '14', 'diario', '2018-01-14', '2018-01-14', '2018-01-10 04:55:59'),
(15, 3, 1, 0.650000, 0.000000, '2018-01-15', '01', '2018', '15', 'diario', '2018-01-15', '2018-01-15', '2018-01-10 04:55:59'),
(16, 3, 1, 0.650000, 0.000000, '2018-01-16', '01', '2018', '16', 'diario', '2018-01-16', '2018-01-16', '2018-01-10 04:55:59'),
(17, 3, 1, 0.650000, 0.000000, '2018-01-17', '01', '2018', '17', 'diario', '2018-01-17', '2018-01-17', '2018-01-10 04:55:59'),
(18, 3, 1, 0.650000, 0.000000, '2018-01-18', '01', '2018', '18', 'diario', '2018-01-18', '2018-01-18', '2018-01-10 04:55:59'),
(19, 3, 1, 0.650000, 0.000000, '2018-01-19', '01', '2018', '19', 'diario', '2018-01-19', '2018-01-19', '2018-01-10 04:55:59'),
(20, 3, 1, 0.650000, 0.000000, '2018-01-20', '01', '2018', '20', 'diario', '2018-01-20', '2018-01-20', '2018-01-10 04:55:59'),
(21, 3, 1, 0.650000, 0.000000, '2018-01-21', '01', '2018', '21', 'diario', '2018-01-21', '2018-01-21', '2018-01-10 04:55:59'),
(22, 3, 1, 0.650000, 0.000000, '2018-01-22', '01', '2018', '22', 'diario', '2018-01-22', '2018-01-22', '2018-01-10 04:55:59'),
(23, 3, 1, 0.650000, 0.000000, '2018-01-23', '01', '2018', '23', 'diario', '2018-01-23', '2018-01-23', '2018-01-10 04:55:59'),
(24, 3, 1, 0.650000, 0.000000, '2018-01-24', '01', '2018', '24', 'diario', '2018-01-24', '2018-01-24', '2018-01-10 04:55:59'),
(25, 3, 1, 0.650000, 0.000000, '2018-01-25', '01', '2018', '25', 'diario', '2018-01-25', '2018-01-25', '2018-01-10 04:55:59'),
(26, 3, 1, 0.650000, 0.000000, '2018-01-26', '01', '2018', '26', 'diario', '2018-01-26', '2018-01-26', '2018-01-10 04:55:59'),
(27, 3, 1, 0.650000, 0.000000, '2018-01-27', '01', '2018', '27', 'diario', '2018-01-27', '2018-01-27', '2018-01-10 04:55:59'),
(28, 3, 1, 0.650000, 0.000000, '2018-01-28', '01', '2018', '28', 'diario', '2018-01-28', '2018-01-28', '2018-01-10 04:55:59'),
(29, 3, 1, 0.650000, 0.000000, '2018-01-29', '01', '2018', '29', 'diario', '2018-01-29', '2018-01-29', '2018-01-10 04:55:59'),
(30, 3, 1, 0.650000, 0.000000, '2018-01-30', '01', '2018', '30', 'diario', '2018-01-30', '2018-01-30', '2018-01-10 04:55:59'),
(31, 3, 1, 0.650000, 0.000000, '2018-01-31', '01', '2018', '31', 'diario', '2018-01-31', '2018-01-31', '2018-01-10 04:55:59'),
(32, 3, 4, 1.000000, 0.000000, '2018-01-09', '01', '2018', '09', 'mensual', '2018-01-09', '2018-01-09', '2018-01-10 04:56:35'),
(33, 3, 8, 80.000000, 0.000000, '2018-01-09', '01', '2018', '09', 'unico', '2018-01-09', '2018-01-09', '2018-01-10 04:56:42');

-- --------------------------------------------------------

--
-- Estructura de tabla para la tabla `permiso_submenu`
--

CREATE TABLE IF NOT EXISTS `permiso_submenu` (
  `id` int(11) NOT NULL AUTO_INCREMENT,
  `id_submenu` int(11) DEFAULT NULL,
  `id_usuario` int(11) DEFAULT NULL,
  `estado` tinyint(1) DEFAULT '0',
  PRIMARY KEY (`id`)
) ENGINE=InnoDB  DEFAULT CHARSET=latin1 AUTO_INCREMENT=522 ;

--
-- Volcado de datos para la tabla `permiso_submenu`
--

INSERT INTO `permiso_submenu` (`id`, `id_submenu`, `id_usuario`, `estado`) VALUES
(1, 1, 1, 1),
(2, 2, 1, 1),
(3, 3, 1, 1),
(6, 17, 1, 1),
(7, 18, 1, 0),
(9, 20, 1, 0),
(10, 21, 1, 0),
(11, 22, 1, 0),
(12, 23, 1, 1),
(13, 24, 1, 1),
(14, 25, 1, 0),
(15, 26, 1, 0),
(16, 27, 1, 1),
(18, 32, 1, 1),
(19, 33, 1, 1),
(21, 35, 1, 0),
(22, 36, 1, 0),
(24, 38, 1, 1),
(25, 39, 1, 1),
(26, 40, 1, 1),
(27, 42, 1, 1),
(28, 43, 1, 1),
(29, 44, 1, 1),
(30, 46, 1, 1),
(32, 48, 1, 1),
(64, 1, 2, 1),
(65, 2, 2, 1),
(66, 3, 2, 1),
(69, 17, 2, 1),
(70, 18, 2, 0),
(72, 20, 2, 1),
(73, 21, 2, 1),
(74, 22, 2, 1),
(75, 23, 2, 1),
(76, 24, 2, 1),
(77, 25, 2, 1),
(78, 26, 2, 1),
(79, 27, 2, 1),
(81, 32, 2, 1),
(82, 33, 2, 1),
(84, 35, 2, 0),
(85, 36, 2, 0),
(87, 38, 2, 1),
(88, 39, 2, 1),
(89, 40, 2, 1),
(90, 42, 2, 1),
(91, 43, 2, 1),
(92, 44, 2, 1),
(93, 46, 2, 1),
(95, 48, 2, 1),
(96, 1, 3, 1),
(97, 2, 3, 1),
(98, 3, 3, 1),
(101, 17, 3, 1),
(102, 18, 3, 0),
(104, 20, 3, 1),
(105, 21, 3, 1),
(106, 22, 3, 1),
(107, 23, 3, 1),
(108, 24, 3, 1),
(109, 25, 3, 1),
(110, 26, 3, 1),
(111, 27, 3, 1),
(113, 32, 3, 1),
(114, 33, 3, 1),
(116, 35, 3, 0),
(117, 36, 3, 0),
(119, 38, 3, 1),
(120, 39, 3, 1),
(121, 40, 3, 1),
(122, 42, 3, 1),
(123, 43, 3, 1),
(124, 44, 3, 1),
(125, 46, 3, 1),
(127, 48, 3, 1),
(171, 1, 4, 0),
(172, 2, 4, 0),
(173, 3, 4, 0),
(176, 17, 4, 0),
(177, 18, 4, 0),
(179, 20, 4, 0),
(180, 21, 4, 0),
(181, 22, 4, 0),
(182, 23, 4, 0),
(183, 24, 4, 0),
(184, 25, 4, 0),
(185, 26, 4, 0),
(186, 27, 4, 0),
(188, 32, 4, 0),
(189, 33, 4, 0),
(191, 35, 4, 0),
(192, 36, 4, 0),
(194, 38, 4, 0),
(195, 39, 4, 0),
(196, 40, 4, 0),
(197, 42, 4, 0),
(198, 43, 4, 0),
(199, 44, 4, 0),
(200, 46, 4, 0),
(202, 48, 4, 0),
(234, 1, 5, 0),
(235, 2, 5, 0),
(236, 3, 5, 0),
(239, 17, 5, 0),
(240, 18, 5, 0),
(242, 20, 5, 0),
(243, 21, 5, 0),
(244, 22, 5, 0),
(245, 23, 5, 0),
(246, 24, 5, 0),
(247, 25, 5, 0),
(248, 26, 5, 0),
(249, 27, 5, 0),
(251, 32, 5, 0),
(252, 33, 5, 0),
(254, 35, 5, 0),
(255, 36, 5, 0),
(257, 38, 5, 0),
(258, 39, 5, 0),
(259, 40, 5, 0),
(260, 42, 5, 0),
(261, 43, 5, 0),
(262, 44, 5, 0),
(263, 46, 5, 0),
(265, 48, 5, 0),
(275, 58, 1, 1),
(276, 58, 2, 1),
(277, 58, 3, 0),
(278, 58, 4, 0),
(279, 58, 5, 0),
(280, 59, 1, 1),
(281, 59, 2, 1),
(282, 59, 3, 0),
(283, 59, 4, 0),
(284, 59, 5, 0),
(294, 61, 1, 1),
(295, 61, 2, 1),
(296, 61, 3, 0),
(297, 61, 4, 0),
(298, 61, 5, 0),
(299, 1, 6, 0),
(300, 2, 6, 0),
(301, 3, 6, 0),
(304, 17, 6, 0),
(305, 18, 6, 0),
(307, 20, 6, 0),
(308, 21, 6, 0),
(309, 22, 6, 0),
(310, 23, 6, 0),
(311, 24, 6, 0),
(312, 25, 6, 0),
(313, 26, 6, 0),
(314, 27, 6, 0),
(315, 32, 6, 0),
(316, 33, 6, 0),
(317, 35, 6, 0),
(318, 36, 6, 0),
(320, 38, 6, 0),
(321, 39, 6, 0),
(322, 40, 6, 0),
(323, 42, 6, 0),
(324, 43, 6, 0),
(325, 44, 6, 0),
(326, 46, 6, 0),
(327, 48, 6, 0),
(328, 58, 6, 0),
(329, 59, 6, 0),
(331, 61, 6, 0),
(332, 62, 1, 1),
(333, 62, 2, 1),
(334, 62, 5, 0),
(335, 62, 6, 0),
(339, 63, 1, 1),
(340, 63, 2, 1),
(341, 63, 5, 0),
(342, 63, 6, 0),
(343, 1, 7, 0),
(344, 2, 7, 0),
(345, 3, 7, 0),
(348, 17, 7, 0),
(349, 18, 7, 0),
(350, 20, 7, 0),
(351, 21, 7, 0),
(352, 22, 7, 0),
(353, 23, 7, 0),
(354, 24, 7, 0),
(355, 25, 7, 0),
(356, 26, 7, 0),
(357, 27, 7, 0),
(358, 32, 7, 0),
(359, 33, 7, 0),
(360, 35, 7, 0),
(361, 36, 7, 0),
(363, 38, 7, 0),
(364, 39, 7, 0),
(365, 40, 7, 0),
(366, 42, 7, 0),
(367, 43, 7, 0),
(368, 44, 7, 0),
(369, 46, 7, 0),
(370, 48, 7, 0),
(371, 58, 7, 0),
(372, 59, 7, 0),
(374, 61, 7, 0),
(375, 62, 7, 0),
(376, 63, 7, 0),
(406, 64, 1, 1),
(407, 64, 2, 1),
(408, 64, 5, 0),
(409, 64, 6, 0),
(410, 64, 7, 0),
(413, 65, 1, 1),
(414, 65, 2, 1),
(415, 65, 5, 0),
(416, 65, 6, 0),
(417, 65, 7, 0),
(430, 68, 1, 1),
(431, 68, 2, 1),
(432, 68, 5, 0),
(433, 68, 6, 0),
(434, 68, 7, 0),
(437, 69, 1, 1),
(438, 69, 2, 1),
(439, 69, 5, 0),
(440, 69, 6, 0),
(441, 69, 7, 0),
(442, 70, 1, 1),
(443, 70, 2, 1),
(444, 70, 5, 0),
(445, 70, 6, 0),
(446, 70, 7, 0),
(447, 71, 1, 1),
(448, 71, 2, 1),
(449, 71, 5, 0),
(450, 71, 6, 0),
(451, 71, 7, 0),
(459, 73, 1, 1),
(460, 73, 2, 1),
(461, 73, 5, 0),
(462, 73, 6, 0),
(463, 73, 7, 0),
(464, 74, 1, 1),
(465, 74, 2, 1),
(466, 74, 5, 0),
(467, 74, 6, 0),
(468, 74, 7, 0),
(471, 1, 8, 1),
(472, 2, 8, 1),
(473, 3, 8, 1),
(474, 17, 8, 1),
(475, 18, 8, 0),
(476, 20, 8, 1),
(477, 21, 8, 1),
(478, 22, 8, 1),
(479, 23, 8, 1),
(480, 24, 8, 1),
(481, 25, 8, 1),
(482, 26, 8, 1),
(483, 27, 8, 0),
(484, 32, 8, 1),
(485, 33, 8, 1),
(486, 35, 8, 0),
(487, 36, 8, 0),
(488, 38, 8, 1),
(489, 39, 8, 1),
(490, 40, 8, 1),
(491, 42, 8, 1),
(492, 43, 8, 1),
(493, 44, 8, 1),
(494, 46, 8, 1),
(495, 48, 8, 1),
(496, 58, 8, 1),
(497, 59, 8, 1),
(498, 61, 8, 1),
(499, 62, 8, 1),
(500, 63, 8, 1),
(501, 64, 8, 1),
(502, 65, 8, 1),
(503, 68, 8, 1),
(504, 69, 8, 1),
(505, 70, 8, 1),
(506, 71, 8, 1),
(507, 73, 8, 1),
(508, 74, 8, 1),
(509, 75, 1, 1),
(510, 75, 2, 1),
(511, 75, 5, 0),
(512, 75, 6, 0),
(513, 75, 7, 0),
(514, 75, 8, 1),
(516, 76, 1, 1),
(517, 76, 2, 1),
(518, 76, 5, 0),
(519, 76, 6, 0),
(520, 76, 7, 0),
(521, 76, 8, 1);

-- --------------------------------------------------------

--
-- Estructura de tabla para la tabla `personal`
--

CREATE TABLE IF NOT EXISTS `personal` (
  `id` int(11) NOT NULL AUTO_INCREMENT,
  `nombres` varchar(200) NOT NULL,
  `apellidos` varchar(200) NOT NULL,
  `dni` varchar(8) NOT NULL,
  `ruc` varchar(11) NOT NULL,
  `razon_social` varchar(200) NOT NULL,
  `direccion` varchar(200) NOT NULL,
  `telefono` varchar(7) NOT NULL,
  `celular` varchar(9) NOT NULL,
  `correo` varchar(100) NOT NULL,
  `cargo` varchar(200) NOT NULL,
  `fecha_creacion` timestamp NOT NULL DEFAULT CURRENT_TIMESTAMP,
  PRIMARY KEY (`id`)
) ENGINE=InnoDB  DEFAULT CHARSET=latin1 AUTO_INCREMENT=4 ;

--
-- Volcado de datos para la tabla `personal`
--

INSERT INTO `personal` (`id`, `nombres`, `apellidos`, `dni`, `ruc`, `razon_social`, `direccion`, `telefono`, `celular`, `correo`, `cargo`, `fecha_creacion`) VALUES
(1, 'LUIS', 'CLAUDIO', '46794282', '10467942820', 'LUIS CLAUDIO', 'SJL', '0000000', '999999999', 'luis.claudio@perutec.com.pe', 'GERENTE', '2017-12-25 02:17:48'),
(2, 'OMAR', 'MORI', '42387765', '0', '-', '-', '-', '-', 'omar@perutec.com', 'GERENTE', '2017-12-30 22:18:04'),
(3, 'JOSE', 'ADRIAN', '45119735', '10451197351', 'JOSE CARLOS ADRIAN YUPANQUI', 'JR. RIO PUTUMAYO MZ S LOTE 19 URB. CANTO REY - SAN JUAN DE LURIGANCHO', '2867930', '991564111', 'JOSE.ADRIAN@ADRIANHNOS.COM', 'ADMINISTRADOR', '2018-01-09 14:34:02');

-- --------------------------------------------------------

--
-- Estructura de tabla para la tabla `plan_mov_cab`
--

CREATE TABLE IF NOT EXISTS `plan_mov_cab` (
  `id` int(11) NOT NULL AUTO_INCREMENT,
  `numero` char(10) NOT NULL,
  `id_personal` int(11) NOT NULL,
  `fecha_emision` date NOT NULL,
  PRIMARY KEY (`id`)
) ENGINE=InnoDB  DEFAULT CHARSET=latin1 AUTO_INCREMENT=11 ;

--
-- Volcado de datos para la tabla `plan_mov_cab`
--

INSERT INTO `plan_mov_cab` (`id`, `numero`, `id_personal`, `fecha_emision`) VALUES
(7, '1', 1, '2017-12-23'),
(8, '2', 2, '2017-12-31'),
(9, '3', 1, '2017-12-31'),
(10, '4', 3, '2018-01-01');

-- --------------------------------------------------------

--
-- Estructura de tabla para la tabla `plan_mov_det`
--

CREATE TABLE IF NOT EXISTS `plan_mov_det` (
  `id` int(11) NOT NULL AUTO_INCREMENT,
  `numero` char(10) NOT NULL,
  `fecha_gasto` date NOT NULL,
  `motivo` varchar(300) NOT NULL,
  `destino` varchar(300) NOT NULL,
  `viaje` decimal(15,6) NOT NULL,
  `tipo` enum('ida','vuelta') NOT NULL,
  PRIMARY KEY (`id`)
) ENGINE=InnoDB  DEFAULT CHARSET=latin1 AUTO_INCREMENT=27 ;

--
-- Volcado de datos para la tabla `plan_mov_det`
--

INSERT INTO `plan_mov_det` (`id`, `numero`, `fecha_gasto`, `motivo`, `destino`, `viaje`, `tipo`) VALUES
(17, '1', '2017-12-24', 'COMPRAS DE NAVIDAD', 'ATE', 100.000000, 'vuelta'),
(18, '1', '2017-12-24', 'COMPRAS NAVIDAD', 'CHORILLOS', 100.000000, 'vuelta'),
(19, '2', '2017-12-31', 'COMPRAS DE AÑO NUEVO', 'MESA REDONDA', 50.000000, 'ida'),
(20, '2', '2017-12-31', 'COMPRAS DE AÑO NUEVO', 'SAN JUAN DE LURIGANCHO', 50.000000, 'vuelta'),
(21, '3', '2017-12-31', 'COMPRAS DE COHETES', 'MESA REDONDA', 34.000000, 'ida'),
(22, '3', '2017-12-31', 'COMPRA DE COHETONES', 'SAN JUAN DE LURIGANCHO', 34.000000, 'vuelta'),
(23, '1', '2018-01-02', 'LICENCIA', 'HUANCAYO', 49.010000, 'ida'),
(24, '1', '2018-01-11', 'ENFERMEDAD', 'ICA', 32.000000, 'vuelta'),
(25, '4', '2018-01-09', 'VISISTA A GERENTE POR CUMPLEAÑOS', 'LIMA', 20.000000, 'ida'),
(26, '4', '2018-01-10', 'VISIA', 'LIMA', 20.000000, 'vuelta');

-- --------------------------------------------------------

--
-- Estructura de tabla para la tabla `presupuesto_anual`
--

CREATE TABLE IF NOT EXISTS `presupuesto_anual` (
  `id` int(11) NOT NULL AUTO_INCREMENT,
  `id_producto` int(11) NOT NULL,
  `anio` varchar(5) NOT NULL,
  `mes` varchar(3) NOT NULL,
  `costo_soles` decimal(15,6) NOT NULL,
  `costo_dolares` decimal(15,6) NOT NULL,
  `fecha_creacion` timestamp NOT NULL DEFAULT CURRENT_TIMESTAMP,
  PRIMARY KEY (`id`)
) ENGINE=InnoDB  DEFAULT CHARSET=latin1 AUTO_INCREMENT=193 ;

--
-- Volcado de datos para la tabla `presupuesto_anual`
--

INSERT INTO `presupuesto_anual` (`id`, `id_producto`, `anio`, `mes`, `costo_soles`, `costo_dolares`, `fecha_creacion`) VALUES
(1, 1, '2017', '01', 0.000000, 0.000000, '2018-01-10 04:36:52'),
(2, 1, '2017', '02', 0.000000, 0.000000, '2018-01-10 04:36:52'),
(3, 1, '2017', '03', 0.000000, 0.000000, '2018-01-10 04:36:52'),
(4, 1, '2017', '04', 0.000000, 0.000000, '2018-01-10 04:36:52'),
(5, 1, '2017', '05', 0.000000, 0.000000, '2018-01-10 04:36:52'),
(6, 1, '2017', '06', 0.000000, 0.000000, '2018-01-10 04:36:53'),
(7, 1, '2017', '07', 0.000000, 0.000000, '2018-01-10 04:36:53'),
(8, 1, '2017', '08', 0.000000, 0.000000, '2018-01-10 04:36:53'),
(9, 1, '2017', '09', 0.000000, 0.000000, '2018-01-10 04:36:53'),
(10, 1, '2017', '10', 0.000000, 0.000000, '2018-01-10 04:36:53'),
(11, 1, '2017', '11', 0.000000, 0.000000, '2018-01-10 04:36:53'),
(12, 1, '2017', '12', 0.000000, 0.000000, '2018-01-10 04:36:53'),
(13, 2, '2017', '01', 0.000000, 0.000000, '2018-01-10 04:36:53'),
(14, 2, '2017', '02', 0.000000, 0.000000, '2018-01-10 04:36:53'),
(15, 2, '2017', '03', 0.000000, 0.000000, '2018-01-10 04:36:53'),
(16, 2, '2017', '04', 0.000000, 0.000000, '2018-01-10 04:36:53'),
(17, 2, '2017', '05', 0.000000, 0.000000, '2018-01-10 04:36:53'),
(18, 2, '2017', '06', 0.000000, 0.000000, '2018-01-10 04:36:53'),
(19, 2, '2017', '07', 0.000000, 0.000000, '2018-01-10 04:36:53'),
(20, 2, '2017', '08', 0.000000, 0.000000, '2018-01-10 04:36:53'),
(21, 2, '2017', '09', 0.000000, 0.000000, '2018-01-10 04:36:53'),
(22, 2, '2017', '10', 0.000000, 0.000000, '2018-01-10 04:36:53'),
(23, 2, '2017', '11', 0.000000, 0.000000, '2018-01-10 04:36:53'),
(24, 2, '2017', '12', 0.000000, 0.000000, '2018-01-10 04:36:53'),
(25, 3, '2017', '01', 0.000000, 0.000000, '2018-01-10 04:36:53'),
(26, 3, '2017', '02', 0.000000, 0.000000, '2018-01-10 04:36:53'),
(27, 3, '2017', '03', 0.000000, 0.000000, '2018-01-10 04:36:53'),
(28, 3, '2017', '04', 0.000000, 0.000000, '2018-01-10 04:36:53'),
(29, 3, '2017', '05', 0.000000, 0.000000, '2018-01-10 04:36:53'),
(30, 3, '2017', '06', 0.000000, 0.000000, '2018-01-10 04:36:54'),
(31, 3, '2017', '07', 0.000000, 0.000000, '2018-01-10 04:36:54'),
(32, 3, '2017', '08', 0.000000, 0.000000, '2018-01-10 04:36:54'),
(33, 3, '2017', '09', 0.000000, 0.000000, '2018-01-10 04:36:54'),
(34, 3, '2017', '10', 0.000000, 0.000000, '2018-01-10 04:36:54'),
(35, 3, '2017', '11', 0.000000, 0.000000, '2018-01-10 04:36:54'),
(36, 3, '2017', '12', 0.000000, 0.000000, '2018-01-10 04:36:54'),
(37, 4, '2017', '01', 0.000000, 0.000000, '2018-01-10 04:36:54'),
(38, 4, '2017', '02', 0.000000, 0.000000, '2018-01-10 04:36:54'),
(39, 4, '2017', '03', 0.000000, 0.000000, '2018-01-10 04:36:54'),
(40, 4, '2017', '04', 0.000000, 0.000000, '2018-01-10 04:36:54'),
(41, 4, '2017', '05', 0.000000, 0.000000, '2018-01-10 04:36:54'),
(42, 4, '2017', '06', 0.000000, 0.000000, '2018-01-10 04:36:54'),
(43, 4, '2017', '07', 0.000000, 0.000000, '2018-01-10 04:36:54'),
(44, 4, '2017', '08', 0.000000, 0.000000, '2018-01-10 04:36:54'),
(45, 4, '2017', '09', 0.000000, 0.000000, '2018-01-10 04:36:54'),
(46, 4, '2017', '10', 0.000000, 0.000000, '2018-01-10 04:36:54'),
(47, 4, '2017', '11', 0.000000, 0.000000, '2018-01-10 04:36:54'),
(48, 4, '2017', '12', 0.000000, 0.000000, '2018-01-10 04:36:54'),
(49, 5, '2017', '01', 0.000000, 0.000000, '2018-01-10 04:36:54'),
(50, 5, '2017', '02', 0.000000, 0.000000, '2018-01-10 04:36:54'),
(51, 5, '2017', '03', 0.000000, 0.000000, '2018-01-10 04:36:54'),
(52, 5, '2017', '04', 0.000000, 0.000000, '2018-01-10 04:36:54'),
(53, 5, '2017', '05', 20.000000, 0.000000, '2018-01-10 04:36:55'),
(54, 5, '2017', '06', 0.000000, 0.000000, '2018-01-10 04:36:55'),
(55, 5, '2017', '07', 0.000000, 0.000000, '2018-01-10 04:36:55'),
(56, 5, '2017', '08', 0.000000, 0.000000, '2018-01-10 04:36:55'),
(57, 5, '2017', '09', 0.000000, 0.000000, '2018-01-10 04:36:55'),
(58, 5, '2017', '10', 0.000000, 0.000000, '2018-01-10 04:36:55'),
(59, 5, '2017', '11', 10.000000, 0.000000, '2018-01-10 04:36:55'),
(60, 5, '2017', '12', 0.000000, 0.000000, '2018-01-10 04:36:55'),
(61, 6, '2017', '01', 0.000000, 0.000000, '2018-01-10 04:36:55'),
(62, 6, '2017', '02', 0.000000, 0.000000, '2018-01-10 04:36:55'),
(63, 6, '2017', '03', 0.000000, 0.000000, '2018-01-10 04:36:55'),
(64, 6, '2017', '04', 0.000000, 0.000000, '2018-01-10 04:36:55'),
(65, 6, '2017', '05', 0.000000, 0.000000, '2018-01-10 04:36:55'),
(66, 6, '2017', '06', 0.000000, 0.000000, '2018-01-10 04:36:55'),
(67, 6, '2017', '07', 0.000000, 0.000000, '2018-01-10 04:36:55'),
(68, 6, '2017', '08', 0.000000, 0.000000, '2018-01-10 04:36:55'),
(69, 6, '2017', '09', 0.000000, 0.000000, '2018-01-10 04:36:55'),
(70, 6, '2017', '10', 0.000000, 0.000000, '2018-01-10 04:36:55'),
(71, 6, '2017', '11', 0.000000, 0.000000, '2018-01-10 04:36:55'),
(72, 6, '2017', '12', 0.000000, 0.000000, '2018-01-10 04:36:55'),
(73, 8, '2017', '01', 0.000000, 0.000000, '2018-01-10 04:36:55'),
(74, 8, '2017', '02', 0.000000, 0.000000, '2018-01-10 04:36:55'),
(75, 8, '2017', '03', 0.000000, 0.000000, '2018-01-10 04:36:55'),
(76, 8, '2017', '04', 0.000000, 0.000000, '2018-01-10 04:36:56'),
(77, 8, '2017', '05', 0.000000, 0.000000, '2018-01-10 04:36:56'),
(78, 8, '2017', '06', 100.000000, 0.000000, '2018-01-10 04:36:56'),
(79, 8, '2017', '07', 0.000000, 0.000000, '2018-01-10 04:36:56'),
(80, 8, '2017', '08', 0.000000, 0.000000, '2018-01-10 04:36:56'),
(81, 8, '2017', '09', 0.000000, 0.000000, '2018-01-10 04:36:56'),
(82, 8, '2017', '10', 0.000000, 0.000000, '2018-01-10 04:36:56'),
(83, 8, '2017', '11', 34.000000, 0.000000, '2018-01-10 04:36:56'),
(84, 8, '2017', '12', 0.000000, 0.000000, '2018-01-10 04:36:56'),
(85, 9, '2017', '01', 0.000000, 0.000000, '2018-01-10 04:36:56'),
(86, 9, '2017', '02', 0.000000, 0.000000, '2018-01-10 04:36:56'),
(87, 9, '2017', '03', 0.000000, 0.000000, '2018-01-10 04:36:56'),
(88, 9, '2017', '04', 0.000000, 0.000000, '2018-01-10 04:36:56'),
(89, 9, '2017', '05', 0.000000, 0.000000, '2018-01-10 04:36:56'),
(90, 9, '2017', '06', 0.000000, 0.000000, '2018-01-10 04:36:56'),
(91, 9, '2017', '07', 0.000000, 0.000000, '2018-01-10 04:36:56'),
(92, 9, '2017', '08', 0.000000, 0.000000, '2018-01-10 04:36:56'),
(93, 9, '2017', '09', 0.000000, 0.000000, '2018-01-10 04:36:56'),
(94, 9, '2017', '10', 0.000000, 0.000000, '2018-01-10 04:36:56'),
(95, 9, '2017', '11', 0.000000, 0.000000, '2018-01-10 04:36:56'),
(96, 9, '2017', '12', 0.000000, 0.000000, '2018-01-10 04:36:56'),
(97, 10, '2017', '01', 0.000000, 0.000000, '2018-01-10 04:36:56'),
(98, 10, '2017', '02', 0.000000, 0.000000, '2018-01-10 04:36:56'),
(99, 10, '2017', '03', 0.000000, 0.000000, '2018-01-10 04:36:57'),
(100, 10, '2017', '04', 0.000000, 0.000000, '2018-01-10 04:36:57'),
(101, 10, '2017', '05', 0.000000, 0.000000, '2018-01-10 04:36:57'),
(102, 10, '2017', '06', 0.000000, 0.000000, '2018-01-10 04:36:57'),
(103, 10, '2017', '07', 0.000000, 0.000000, '2018-01-10 04:36:57'),
(104, 10, '2017', '08', 0.000000, 0.000000, '2018-01-10 04:36:57'),
(105, 10, '2017', '09', 0.000000, 0.000000, '2018-01-10 04:36:57'),
(106, 10, '2017', '10', 0.000000, 0.000000, '2018-01-10 04:36:57'),
(107, 10, '2017', '11', 0.000000, 0.000000, '2018-01-10 04:36:57'),
(108, 10, '2017', '12', 0.000000, 0.000000, '2018-01-10 04:36:57'),
(109, 25, '2017', '01', 0.000000, 0.000000, '2018-01-10 04:36:57'),
(110, 25, '2017', '02', 0.000000, 0.000000, '2018-01-10 04:36:57'),
(111, 25, '2017', '03', 0.000000, 0.000000, '2018-01-10 04:36:57'),
(112, 25, '2017', '04', 0.000000, 0.000000, '2018-01-10 04:36:57'),
(113, 25, '2017', '05', 0.000000, 0.000000, '2018-01-10 04:36:57'),
(114, 25, '2017', '06', 0.000000, 0.000000, '2018-01-10 04:36:57'),
(115, 25, '2017', '07', 0.000000, 0.000000, '2018-01-10 04:36:57'),
(116, 25, '2017', '08', 0.000000, 0.000000, '2018-01-10 04:36:57'),
(117, 25, '2017', '09', 0.000000, 0.000000, '2018-01-10 04:36:57'),
(118, 25, '2017', '10', 0.000000, 0.000000, '2018-01-10 04:36:57'),
(119, 25, '2017', '11', 0.000000, 0.000000, '2018-01-10 04:36:57'),
(120, 25, '2017', '12', 0.000000, 0.000000, '2018-01-10 04:36:57'),
(121, 26, '2017', '01', 0.000000, 0.000000, '2018-01-10 04:36:57'),
(122, 26, '2017', '02', 0.000000, 0.000000, '2018-01-10 04:36:57'),
(123, 26, '2017', '03', 0.000000, 0.000000, '2018-01-10 04:36:58'),
(124, 26, '2017', '04', 0.000000, 0.000000, '2018-01-10 04:36:58'),
(125, 26, '2017', '05', 0.000000, 0.000000, '2018-01-10 04:36:58'),
(126, 26, '2017', '06', 0.000000, 0.000000, '2018-01-10 04:36:58'),
(127, 26, '2017', '07', 0.000000, 0.000000, '2018-01-10 04:36:58'),
(128, 26, '2017', '08', 0.000000, 0.000000, '2018-01-10 04:36:58'),
(129, 26, '2017', '09', 0.000000, 0.000000, '2018-01-10 04:36:58'),
(130, 26, '2017', '10', 0.000000, 0.000000, '2018-01-10 04:36:58'),
(131, 26, '2017', '11', 0.000000, 0.000000, '2018-01-10 04:36:58'),
(132, 26, '2017', '12', 0.000000, 0.000000, '2018-01-10 04:36:58'),
(133, 27, '2017', '01', 0.000000, 0.000000, '2018-01-10 04:36:58'),
(134, 27, '2017', '02', 0.000000, 0.000000, '2018-01-10 04:36:58'),
(135, 27, '2017', '03', 0.000000, 0.000000, '2018-01-10 04:36:58'),
(136, 27, '2017', '04', 0.000000, 0.000000, '2018-01-10 04:36:58'),
(137, 27, '2017', '05', 0.000000, 0.000000, '2018-01-10 04:36:58'),
(138, 27, '2017', '06', 0.000000, 0.000000, '2018-01-10 04:36:58'),
(139, 27, '2017', '07', 0.000000, 0.000000, '2018-01-10 04:36:58'),
(140, 27, '2017', '08', 0.000000, 0.000000, '2018-01-10 04:36:58'),
(141, 27, '2017', '09', 0.000000, 0.000000, '2018-01-10 04:36:58'),
(142, 27, '2017', '10', 0.000000, 0.000000, '2018-01-10 04:36:58'),
(143, 27, '2017', '11', 0.000000, 0.000000, '2018-01-10 04:36:58'),
(144, 27, '2017', '12', 0.000000, 0.000000, '2018-01-10 04:36:58'),
(145, 28, '2017', '01', 0.000000, 0.000000, '2018-01-10 04:36:58'),
(146, 28, '2017', '02', 0.000000, 0.000000, '2018-01-10 04:36:59'),
(147, 28, '2017', '03', 0.000000, 0.000000, '2018-01-10 04:36:59'),
(148, 28, '2017', '04', 0.000000, 0.000000, '2018-01-10 04:36:59'),
(149, 28, '2017', '05', 0.000000, 0.000000, '2018-01-10 04:36:59'),
(150, 28, '2017', '06', 0.000000, 0.000000, '2018-01-10 04:36:59'),
(151, 28, '2017', '07', 0.000000, 0.000000, '2018-01-10 04:36:59'),
(152, 28, '2017', '08', 0.000000, 0.000000, '2018-01-10 04:36:59'),
(153, 28, '2017', '09', 0.000000, 0.000000, '2018-01-10 04:36:59'),
(154, 28, '2017', '10', 0.000000, 0.000000, '2018-01-10 04:36:59'),
(155, 28, '2017', '11', 0.000000, 0.000000, '2018-01-10 04:36:59'),
(156, 28, '2017', '12', 0.000000, 0.000000, '2018-01-10 04:36:59'),
(157, 29, '2017', '01', 0.000000, 0.000000, '2018-01-10 04:36:59'),
(158, 29, '2017', '02', 0.000000, 0.000000, '2018-01-10 04:36:59'),
(159, 29, '2017', '03', 0.000000, 0.000000, '2018-01-10 04:36:59'),
(160, 29, '2017', '04', 0.000000, 0.000000, '2018-01-10 04:36:59'),
(161, 29, '2017', '05', 0.000000, 0.000000, '2018-01-10 04:36:59'),
(162, 29, '2017', '06', 0.000000, 0.000000, '2018-01-10 04:36:59'),
(163, 29, '2017', '07', 0.000000, 0.000000, '2018-01-10 04:36:59'),
(164, 29, '2017', '08', 0.000000, 0.000000, '2018-01-10 04:36:59'),
(165, 29, '2017', '09', 0.000000, 0.000000, '2018-01-10 04:36:59'),
(166, 29, '2017', '10', 0.000000, 0.000000, '2018-01-10 04:36:59'),
(167, 29, '2017', '11', 0.000000, 0.000000, '2018-01-10 04:36:59'),
(168, 29, '2017', '12', 0.000000, 0.000000, '2018-01-10 04:36:59'),
(169, 30, '2017', '01', 0.000000, 0.000000, '2018-01-10 04:36:59'),
(170, 30, '2017', '02', 0.000000, 0.000000, '2018-01-10 04:37:00'),
(171, 30, '2017', '03', 0.000000, 0.000000, '2018-01-10 04:37:00'),
(172, 30, '2017', '04', 0.000000, 0.000000, '2018-01-10 04:37:00'),
(173, 30, '2017', '05', 0.000000, 0.000000, '2018-01-10 04:37:00'),
(174, 30, '2017', '06', 0.000000, 0.000000, '2018-01-10 04:37:00'),
(175, 30, '2017', '07', 0.000000, 0.000000, '2018-01-10 04:37:00'),
(176, 30, '2017', '08', 0.000000, 0.000000, '2018-01-10 04:37:00'),
(177, 30, '2017', '09', 0.000000, 0.000000, '2018-01-10 04:37:00'),
(178, 30, '2017', '10', 0.000000, 0.000000, '2018-01-10 04:37:00'),
(179, 30, '2017', '11', 0.000000, 0.000000, '2018-01-10 04:37:00'),
(180, 30, '2017', '12', 0.000000, 0.000000, '2018-01-10 04:37:00'),
(181, 31, '2017', '01', 0.000000, 0.000000, '2018-01-10 04:37:00'),
(182, 31, '2017', '02', 0.000000, 0.000000, '2018-01-10 04:37:00'),
(183, 31, '2017', '03', 0.000000, 0.000000, '2018-01-10 04:37:00'),
(184, 31, '2017', '04', 0.000000, 0.000000, '2018-01-10 04:37:00'),
(185, 31, '2017', '05', 0.000000, 0.000000, '2018-01-10 04:37:00'),
(186, 31, '2017', '06', 0.000000, 0.000000, '2018-01-10 04:37:00'),
(187, 31, '2017', '07', 0.000000, 0.000000, '2018-01-10 04:37:00'),
(188, 31, '2017', '08', 0.000000, 0.000000, '2018-01-10 04:37:00'),
(189, 31, '2017', '09', 0.000000, 0.000000, '2018-01-10 04:37:00'),
(190, 31, '2017', '10', 0.000000, 0.000000, '2018-01-10 04:37:00'),
(191, 31, '2017', '11', 0.000000, 0.000000, '2018-01-10 04:37:00'),
(192, 31, '2017', '12', 0.000000, 0.000000, '2018-01-10 04:37:00');

-- --------------------------------------------------------

--
-- Estructura de tabla para la tabla `producto`
--

CREATE TABLE IF NOT EXISTS `producto` (
  `id` int(11) NOT NULL AUTO_INCREMENT,
  `descripcion` varchar(200) NOT NULL,
  `descripcion_alt` varchar(200) NOT NULL,
  `unidad` varchar(200) NOT NULL,
  `familia` varchar(200) NOT NULL,
  `cuenta` int(11) NOT NULL,
  `fecha_creacion` timestamp NOT NULL DEFAULT CURRENT_TIMESTAMP,
  PRIMARY KEY (`id`)
) ENGINE=InnoDB  DEFAULT CHARSET=latin1 AUTO_INCREMENT=32 ;

--
-- Volcado de datos para la tabla `producto`
--

INSERT INTO `producto` (`id`, `descripcion`, `descripcion_alt`, `unidad`, `familia`, `cuenta`, `fecha_creacion`) VALUES
(1, 'MATERIALES AUXILIARES', '', 'KG', 'F000001', 612101, '2017-10-24 20:25:09'),
(2, 'ENVASES', '', 'UND', 'F000001', 614101, '2017-10-24 20:25:39'),
(3, 'SALARIOS', '', 'UND', 'VERDURAS', 621102, '2017-10-24 20:26:06'),
(4, 'COMISIONES', '', 'UND', 'F000001', 612301, '2017-10-24 20:26:31'),
(5, 'GRATIFICACIONES', '', 'UND', 'FAM', 621401, '2017-10-24 20:27:18'),
(6, 'GASTOS BANCARIOS', '', 'UND', 'FAM', 639101, '2017-10-24 20:28:41'),
(8, 'AGUA', '', 'UND', 'FAM', 636301, '2017-10-24 20:29:41'),
(9, 'DONACIONES', '', 'UND', 'FAM', 659101, '2017-10-24 20:38:48'),
(10, 'GASTOS', '', 'UND', 'F000003', 612342, '2017-10-25 16:19:48'),
(25, 'PRODUCTO', '', 'LT', 'F000003', 610952, '2017-10-25 21:09:29'),
(26, 'MONITORES', '', 'KG', 'F000001', 612165, '2017-10-30 18:14:17'),
(27, 'MOUSE', '', 'KG', 'F000003', 612105, '2017-11-02 16:10:36'),
(28, 'TECLADOS', '', 'LT', '273736', 610852, '2017-11-06 14:28:29'),
(29, 'MESA', '', 'UND', 'F000001', 611285, '2017-11-07 21:07:43'),
(30, 'SUNAT', '', 'LT', 'inversiones cenacor sac', 777777, '2017-11-28 16:14:02'),
(31, 'TECLADO', '', 'KG', 'F000002', 610853, '2017-12-01 20:51:41');

-- --------------------------------------------------------

--
-- Estructura de tabla para la tabla `producto_meses`
--

CREATE TABLE IF NOT EXISTS `producto_meses` (
  `id` int(11) NOT NULL AUTO_INCREMENT,
  `id_producto` int(11) NOT NULL,
  `mes` varchar(100) NOT NULL,
  `anio` year(4) NOT NULL,
  `monto_soles` double NOT NULL,
  `monto_dolares` double NOT NULL,
  PRIMARY KEY (`id`)
) ENGINE=InnoDB  DEFAULT CHARSET=latin1 AUTO_INCREMENT=3 ;

--
-- Volcado de datos para la tabla `producto_meses`
--

INSERT INTO `producto_meses` (`id`, `id_producto`, `mes`, `anio`, `monto_soles`, `monto_dolares`) VALUES
(1, 1, 'febrero', 2017, 37.2, 12.4),
(2, 2, 'julio', 2017, 9.5, 3.59);

-- --------------------------------------------------------

--
-- Estructura de tabla para la tabla `puesto`
--

CREATE TABLE IF NOT EXISTS `puesto` (
  `id` int(11) NOT NULL AUTO_INCREMENT,
  `codigo` int(11) unsigned NOT NULL,
  `descripcion` varchar(200) NOT NULL,
  `estado` enum('libre','socio','cooperativa') NOT NULL,
  `tipo` enum('exterior','interior','puesto') NOT NULL,
  `fecha_creacion` timestamp NOT NULL DEFAULT CURRENT_TIMESTAMP,
  PRIMARY KEY (`id`)
) ENGINE=InnoDB  DEFAULT CHARSET=latin1 AUTO_INCREMENT=72 ;

--
-- Volcado de datos para la tabla `puesto`
--

INSERT INTO `puesto` (`id`, `codigo`, `descripcion`, `estado`, `tipo`, `fecha_creacion`) VALUES
(1, 2, 'PUESTO DE VERDURAS', 'cooperativa', 'exterior', '2017-11-06 20:14:44'),
(2, 3, 'PUESTO DE ABARROTES', 'libre', 'exterior', '2017-11-06 20:14:44'),
(3, 4, 'PUESTO DE ABARROTES', 'libre', 'exterior', '2017-11-06 20:52:40'),
(4, 5, 'PUESTO DE CARNES', 'libre', 'exterior', '2017-11-10 14:20:19'),
(5, 1, 'PUESTO DE ROPA', 'cooperativa', 'puesto', '2017-11-22 14:56:11'),
(7, 6, 'PUESTO DE COMIDAS', 'libre', 'exterior', '2017-11-22 15:18:56'),
(8, 7, 'GIRO POR DEFINIR', 'libre', 'exterior', '2017-12-19 21:56:34'),
(9, 8, 'PUESTO DE VENTA DE PESCADOS ', 'libre', 'exterior', '2017-12-27 16:22:22'),
(10, 9, '-', 'libre', 'exterior', '2017-12-28 18:38:46'),
(11, 10, '-', 'libre', 'exterior', '2017-12-28 18:38:53'),
(12, 11, '-', 'libre', 'exterior', '2017-12-28 18:43:56'),
(13, 12, '-', 'libre', 'exterior', '2017-12-28 18:43:56'),
(14, 13, '-', 'libre', 'exterior', '2017-12-28 18:48:45'),
(15, 14, '-', 'libre', 'exterior', '2017-12-28 18:48:45'),
(16, 15, '-', 'libre', 'exterior', '2017-12-28 18:48:45'),
(17, 16, '-', 'libre', 'exterior', '2017-12-28 18:48:45'),
(18, 17, '-', 'libre', 'exterior', '2017-12-28 18:48:45'),
(19, 18, '-', 'libre', 'exterior', '2017-12-28 18:48:45'),
(20, 19, '-', 'libre', 'exterior', '2017-12-28 18:48:45'),
(21, 20, '-', 'libre', 'exterior', '2017-12-28 18:48:45'),
(22, 21, '-', 'libre', 'exterior', '2017-12-28 18:48:45'),
(23, 22, '-', 'libre', 'exterior', '2017-12-28 18:48:45'),
(24, 23, '-', 'libre', 'exterior', '2017-12-28 18:48:45'),
(25, 24, '-', 'libre', 'exterior', '2017-12-28 18:48:45'),
(26, 25, '-', 'libre', 'exterior', '2017-12-28 18:48:45'),
(27, 26, '-', 'libre', 'exterior', '2017-12-28 18:48:45'),
(28, 27, '-', 'libre', 'exterior', '2017-12-28 18:48:45'),
(29, 28, '-', 'libre', 'exterior', '2017-12-28 18:48:45'),
(30, 29, '-', 'libre', 'exterior', '2017-12-28 18:48:45'),
(31, 30, '-', 'libre', 'exterior', '2017-12-28 18:48:45'),
(32, 31, '-', 'libre', 'exterior', '2017-12-28 18:48:45'),
(33, 32, '-', 'libre', 'exterior', '2017-12-28 18:48:45'),
(34, 33, '-', 'libre', 'exterior', '2017-12-28 18:48:45'),
(35, 34, '-', 'libre', 'exterior', '2017-12-28 18:48:45'),
(36, 35, '-', 'libre', 'exterior', '2017-12-28 18:48:45'),
(37, 36, '-', 'libre', 'exterior', '2017-12-28 18:48:45'),
(38, 37, '-', 'libre', 'exterior', '2017-12-28 18:48:45'),
(39, 38, '-', 'libre', 'exterior', '2017-12-28 18:48:45'),
(40, 39, '-', 'libre', 'exterior', '2017-12-28 18:48:45'),
(41, 40, '-', 'libre', 'exterior', '2017-12-28 18:48:45'),
(42, 41, '-', 'libre', 'exterior', '2017-12-28 18:48:45'),
(43, 42, '-', 'libre', 'exterior', '2017-12-28 18:48:45'),
(44, 43, '-', 'libre', 'exterior', '2017-12-28 18:48:45'),
(45, 44, '-', 'libre', 'exterior', '2017-12-28 18:48:45'),
(46, 45, '-', 'libre', 'exterior', '2017-12-28 18:48:45'),
(47, 46, '-', 'libre', 'exterior', '2017-12-28 18:48:45'),
(48, 47, '-', 'libre', 'exterior', '2017-12-28 18:48:45'),
(49, 48, '-', 'libre', 'exterior', '2017-12-28 18:48:45'),
(50, 49, '-', 'libre', 'exterior', '2017-12-28 18:48:45'),
(51, 50, '-', 'libre', 'exterior', '2017-12-28 18:48:45'),
(52, 51, '-', 'libre', 'exterior', '2017-12-28 18:48:45'),
(53, 52, '-', 'libre', 'exterior', '2017-12-28 18:48:45'),
(54, 53, '-', 'libre', 'exterior', '2017-12-28 18:48:45'),
(55, 54, '-', 'libre', 'exterior', '2017-12-28 18:48:45'),
(56, 55, '-', 'libre', 'exterior', '2017-12-28 18:48:45'),
(57, 56, '-', 'libre', 'exterior', '2017-12-28 18:48:45'),
(58, 57, '-', 'libre', 'exterior', '2017-12-28 18:48:45'),
(59, 58, '-', 'libre', 'exterior', '2017-12-28 18:48:45'),
(60, 59, '-', 'libre', 'exterior', '2017-12-28 18:48:45'),
(61, 60, '-', 'libre', 'exterior', '2017-12-28 18:48:45'),
(62, 61, '-', 'libre', 'exterior', '2017-12-28 18:48:45'),
(63, 62, '-', 'libre', 'exterior', '2017-12-28 18:48:45'),
(64, 63, '-', 'libre', 'exterior', '2017-12-28 18:48:45'),
(65, 64, '-', 'libre', 'exterior', '2017-12-28 18:48:45'),
(66, 65, '-', 'libre', 'exterior', '2017-12-28 18:48:45'),
(67, 66, '-', 'libre', 'exterior', '2017-12-28 18:48:45'),
(68, 67, '-', 'libre', 'exterior', '2017-12-28 18:48:45'),
(69, 68, '-', 'libre', 'exterior', '2017-12-28 18:48:45'),
(70, 69, '-', 'libre', 'exterior', '2017-12-28 18:48:45'),
(71, 70, '-', 'libre', 'exterior', '2017-12-28 18:48:45');

-- --------------------------------------------------------

--
-- Estructura de tabla para la tabla `puesto_concepto`
--

CREATE TABLE IF NOT EXISTS `puesto_concepto` (
  `id` int(11) NOT NULL AUTO_INCREMENT,
  `codigo_puesto` int(11) NOT NULL,
  `id_concepto` int(11) NOT NULL,
  `fecha_creacion` timestamp NOT NULL DEFAULT CURRENT_TIMESTAMP,
  PRIMARY KEY (`id`)
) ENGINE=InnoDB DEFAULT CHARSET=latin1 AUTO_INCREMENT=1 ;

-- --------------------------------------------------------

--
-- Estructura de tabla para la tabla `servicio`
--

CREATE TABLE IF NOT EXISTS `servicio` (
  `id` int(11) NOT NULL AUTO_INCREMENT,
  `descripcion` varchar(200) NOT NULL,
  `fecha_creacion` timestamp NOT NULL DEFAULT CURRENT_TIMESTAMP,
  PRIMARY KEY (`id`)
) ENGINE=InnoDB  DEFAULT CHARSET=latin1 AUTO_INCREMENT=4 ;

--
-- Volcado de datos para la tabla `servicio`
--

INSERT INTO `servicio` (`id`, `descripcion`, `fecha_creacion`) VALUES
(1, 'LIMPIEZA', '2017-10-24 17:25:50'),
(2, 'MANTENIMIENTO', '2017-10-24 17:25:50'),
(3, 'CONSTRUCCIÓN DE PUESTOS', '2017-10-24 17:27:31');

-- --------------------------------------------------------

--
-- Estructura de tabla para la tabla `socio_negocio`
--

CREATE TABLE IF NOT EXISTS `socio_negocio` (
  `id` int(11) NOT NULL AUTO_INCREMENT,
  `codigo` varchar(12) NOT NULL,
  `ruc` varchar(11) NOT NULL,
  `razon_social` varchar(300) NOT NULL,
  `contacto` varchar(200) NOT NULL,
  `direccion1` varchar(300) NOT NULL,
  `direccion2` varchar(300) NOT NULL,
  `telefono1` varchar(50) NOT NULL,
  `telefono2` varchar(50) NOT NULL,
  `cuenta_bancaria` varchar(300) NOT NULL,
  `comentario` text NOT NULL,
  `tipo` enum('C','P') DEFAULT NULL,
  `fecha_creacion` timestamp NOT NULL DEFAULT CURRENT_TIMESTAMP,
  PRIMARY KEY (`id`)
) ENGINE=InnoDB  DEFAULT CHARSET=latin1 AUTO_INCREMENT=6 ;

--
-- Volcado de datos para la tabla `socio_negocio`
--

INSERT INTO `socio_negocio` (`id`, `codigo`, `ruc`, `razon_social`, `contacto`, `direccion1`, `direccion2`, `telefono1`, `telefono2`, `cuenta_bancaria`, `comentario`, `tipo`, `fecha_creacion`) VALUES
(1, 'C10101010', '10101010', 'JORGE MEZA O.', 'JORGE', 'LIMA', 'LIMA', '991446299', '998765434', '0001162423252', 'COMPRAS VARIADAS', 'C', '2017-12-26 15:04:41'),
(2, 'P1010101010', '1010101010', 'OMAR MORI CABRERA', 'OMAR', 'AGUSTINO', 'AGUSTINO', '9876544', '987656', '22213333', '-', 'P', '2017-12-26 16:14:30'),
(4, 'P23344555555', '23344555555', 'INTEL SAC', 'ELIAS GUTIERRES', 'LIMA', 'ATE', '7654456', '987654567', '9753774454534', 'NOTAS VARIADAS', 'P', '2017-12-24 05:00:00'),
(5, 'C33333333333', '85757585213', 'PERUTEC', 'JORGE', 'LIMA', 'SJL', '7654567', '997456723', '987432536464', 'EJEMPLO', 'C', '2018-01-02 16:34:42');

-- --------------------------------------------------------

--
-- Estructura de tabla para la tabla `submenu`
--

CREATE TABLE IF NOT EXISTS `submenu` (
  `descripcion` varchar(100) NOT NULL,
  `item` varchar(100) NOT NULL,
  `id_menu` int(11) NOT NULL,
  `ruta` varchar(100) NOT NULL,
  `id` int(11) NOT NULL AUTO_INCREMENT,
  PRIMARY KEY (`id`)
) ENGINE=InnoDB  DEFAULT CHARSET=latin1 AUTO_INCREMENT=77 ;

--
-- Volcado de datos para la tabla `submenu`
--

INSERT INTO `submenu` (`descripcion`, `item`, `id_menu`, `ruta`, `id`) VALUES
('USUARIOS', '1', 2, 'pages/usuario', 1),
('MENÚ', '2', 2, 'pages/menu', 2),
('SUB MENÚ', '3', 2, 'pages/submenu', 3),
('CONCEPTO DE PAGOS', '1', 1, 'pages/concepto', 17),
('ESTADOS DE CUENTAS', '1', 0, '', 18),
('INFORME ECONÓMICO ', '1', 8, 'pages/informeeconomico', 20),
('SALDOS POR COBRAR CONSOLIDADOS - SOCIOS', '2', 8, 'pages/porcobrarconsolidadosocio', 21),
('SALDOS POR COBRAR CONSOLIDADOS - INQUILINOS', '3', 8, 'pages/porcobrarconsolidadoinquilino', 22),
('REGISTRO DE COMPRAS', '4', 8, 'pages/analiticas/registro_compra', 23),
('REGISTRO DE VENTAS', '6', 8, 'pages/analiticas/r_ventas', 24),
('COBRANZA DIARIA - SOCIO', '7', 8, 'pages/cobranza-socio', 25),
('COBRANZA DIARIA - INQUILINOS', '8', 8, 'pages/cobranzadiarioinquilinos', 26),
('ESTADO DE CUENTA POR SOCIO', '1', 9, 'pages/estadodecuentasporsocio', 27),
('ÁREAS', '2', 1, 'pages/area', 32),
('PRODUCTO PARA PRESUPUESTO', '3', 1, 'pages/productos', 33),
('', '1', 0, 'pages/estado-cuenta', 35),
('ESTADO DE CUENTAS', '1', 0, 'pages/estado-cuenta', 36),
('FAMILIA', '4', 1, 'pages/familia', 38),
('UNIDAD', '5', 1, 'pages/unidad', 39),
('DOCUMENTOS INTERNOS', '6', 1, 'pages/documento-interno', 40),
('COMUNICADOS', '1', 11, 'pages/comunicado', 42),
('PRESUPUESTO ANUAL', '6', 7, 'pages/presupuesto-anual', 43),
('PERSONAL', '7', 1, 'pages/personal', 44),
('PLANILLA DE GASTOS DE MOVILIDAD', '2', 11, 'pages/planilla-movilidad', 46),
('REGISTRO EGRESOS DE CAJA', '3', 11, 'pages/egresos', 48),
('CORRELATIVOS', '8', 1, 'pages/correlativo', 58),
('PUESTO', '9', 1, 'pages/puesto', 59),
('COBRO DIARIO ', '4', 11, 'pages/cobro-diario', 61),
('LISTA DE SOCIOS', '9', 8, 'pages/analiticas/lista-socios', 62),
('LISTA DE INQUILINO', '10', 8, 'pages/analiticas/lista-inquilinos', 63),
('REGISTRO DE COMPRAS', '5', 11, 'pages/compra_cab', 64),
('REGISTRO DE VENTAS', '6', 11, 'pages/venta_cab', 65),
('EGRESOS DE CAJA', '3', 8, 'pages/analiticas/egresos_caja', 68),
('GASTO DE MOVILIDAD', '16', 8, 'pages/analiticas/planilla_movilidad', 69),
('TIPO CAMBIO', '10', 1, 'pages/tipo_cambio', 70),
('COMERCIANTE', '11', 1, 'pages/comerciante', 71),
('SOCIO NEGOCIO', '13', 1, 'pages/socio_negocio', 73),
('ASOCIAR COMERCIANTE Y PUESTO', '12', 1, 'pages/comerciante-puesto', 74),
('ASOCIAR CONCEPTO Y PUESTO', '14', 1, 'pages/concepto-puesto', 75),
('CONFIGURACIÓN DE PAGOS', '20', 1, 'pages/configuracion-pagos', 76);

--
-- Disparadores `submenu`
--
DROP TRIGGER IF EXISTS `add_permiso_submenu`;
DELIMITER //
CREATE TRIGGER `add_permiso_submenu` AFTER INSERT ON `submenu`
 FOR EACH ROW BEGIN

INSERT INTO permiso_submenu(id_submenu,id_usuario)
SELECT new.id,u.id FROM usuarios as u;

END
//
DELIMITER ;
DROP TRIGGER IF EXISTS `delete_permiso_submenu`;
DELIMITER //
CREATE TRIGGER `delete_permiso_submenu` AFTER DELETE ON `submenu`
 FOR EACH ROW BEGIN

DELETE FROM permiso_submenu WHERE  id_submenu=old.id;

END
//
DELIMITER ;

-- --------------------------------------------------------

--
-- Estructura de tabla para la tabla `tipo_cambio`
--

CREATE TABLE IF NOT EXISTS `tipo_cambio` (
  `id` int(11) NOT NULL AUTO_INCREMENT,
  `fecha` date NOT NULL,
  `compra` double(4,2) NOT NULL,
  `venta` double(4,2) NOT NULL,
  PRIMARY KEY (`id`)
) ENGINE=InnoDB  DEFAULT CHARSET=latin1 AUTO_INCREMENT=11 ;

--
-- Volcado de datos para la tabla `tipo_cambio`
--

INSERT INTO `tipo_cambio` (`id`, `fecha`, `compra`, `venta`) VALUES
(1, '2017-12-11', 3.33, 3.33),
(3, '2017-12-03', 3.33, 3.87),
(4, '2017-12-08', 3.33, 3.50),
(5, '2017-12-09', 9.60, 9.90),
(6, '2017-12-01', 4.15, 3.12),
(7, '2017-11-23', 2.89, 3.15),
(8, '2017-11-16', 3.23, 3.32),
(9, '2017-10-20', 3.41, 3.24),
(10, '2017-10-31', 0.00, 0.00);

-- --------------------------------------------------------

--
-- Estructura de tabla para la tabla `unidad`
--

CREATE TABLE IF NOT EXISTS `unidad` (
  `id` int(11) NOT NULL AUTO_INCREMENT,
  `codigo` varchar(100) NOT NULL,
  `descripcion` varchar(100) NOT NULL,
  `fecha_creacion` timestamp NOT NULL DEFAULT CURRENT_TIMESTAMP,
  PRIMARY KEY (`id`)
) ENGINE=InnoDB  DEFAULT CHARSET=latin1 AUTO_INCREMENT=7 ;

--
-- Volcado de datos para la tabla `unidad`
--

INSERT INTO `unidad` (`id`, `codigo`, `descripcion`, `fecha_creacion`) VALUES
(2, 'LT', 'LITROS', '2017-10-25 16:14:30'),
(3, 'M', 'METRO', '2017-10-25 16:32:52'),
(6, 'CJ', 'CAJA', '2017-12-19 15:05:28');

-- --------------------------------------------------------

--
-- Estructura de tabla para la tabla `usuarios`
--

CREATE TABLE IF NOT EXISTS `usuarios` (
  `id` int(11) NOT NULL AUTO_INCREMENT,
  `nombres` varchar(200) DEFAULT NULL,
  `apellidos` varchar(200) DEFAULT NULL,
  `dni` char(8) DEFAULT NULL,
  `user` varchar(20) DEFAULT NULL,
  `pass` varchar(200) DEFAULT NULL,
  `tipo` enum('user','admin') DEFAULT NULL,
  `fecha_creacion` timestamp NOT NULL DEFAULT CURRENT_TIMESTAMP,
  PRIMARY KEY (`id`)
) ENGINE=InnoDB  DEFAULT CHARSET=latin1 AUTO_INCREMENT=9 ;

--
-- Volcado de datos para la tabla `usuarios`
--

INSERT INTO `usuarios` (`id`, `nombres`, `apellidos`, `dni`, `user`, `pass`, `tipo`, `fecha_creacion`) VALUES
(1, 'PERUTEC', 'ENTERPRISES', '46636118', 'perutec', '4a8720585f48fc85dee2220d99783a4e', 'admin', '2017-10-30 22:56:30'),
(2, 'JORGE', 'CABRERA', '12345678', 'jorge', 'd67326a22642a324aa1b0745f2f17abb', 'admin', '2017-10-30 22:57:06'),
(5, 'ARTURO', 'ADRIAN', '45119735', 'arturo', '65deafcf3c1ad1751415736c4cc11f76', 'user', '2017-11-02 22:31:11'),
(6, 'PAMELA', 'ADRIAN', '45119735', 'PAMELA', '22cdd18bbd0ec589bbacde38dd0eda68', 'user', '2017-11-07 20:40:26'),
(7, 'WILLIAM', 'LOPEZ', '45119735', 'WILLIAM', 'b3e85274a7e2454c43b4fb8691024b97', 'user', '2017-11-17 14:56:14'),
(8, 'LUIS AUGUSTO', 'CLAUDIO', '46794282', 'luis', '502ff82f7f1f8218dd41201fe4353687', 'user', '2017-12-27 16:43:02');

--
-- Disparadores `usuarios`
--
DROP TRIGGER IF EXISTS `add_permiso`;
DELIMITER //
CREATE TRIGGER `add_permiso` AFTER INSERT ON `usuarios`
 FOR EACH ROW BEGIN

 INSERT  INTO permiso_submenu(id_submenu,id_usuario)
 SELECT sm.id,new.id from submenu as sm;

END
//
DELIMITER ;

-- --------------------------------------------------------

--
-- Estructura de tabla para la tabla `venta_cab`
--

CREATE TABLE IF NOT EXISTS `venta_cab` (
  `id` int(11) NOT NULL AUTO_INCREMENT,
  `serie` char(4) NOT NULL DEFAULT '001',
  `numero` char(10) NOT NULL,
  `codigo_socio_negocio` char(12) NOT NULL,
  `fecha_documento` date NOT NULL,
  `tipo_documento` enum('03','01') NOT NULL,
  `estado` enum('emitido','anulado') NOT NULL,
  PRIMARY KEY (`id`)
) ENGINE=InnoDB  DEFAULT CHARSET=latin1 AUTO_INCREMENT=6 ;

--
-- Volcado de datos para la tabla `venta_cab`
--

INSERT INTO `venta_cab` (`id`, `serie`, `numero`, `codigo_socio_negocio`, `fecha_documento`, `tipo_documento`, `estado`) VALUES
(1, '001', '1', 'C10101010', '2018-01-05', '03', 'anulado'),
(2, '001', '1', 'C10101010', '2018-01-05', '01', 'emitido'),
(3, '001', '2', 'C10101010', '2018-01-11', '03', 'anulado'),
(4, '001', '3', 'C33333333333', '2018-01-16', '03', 'emitido'),
(5, '001', '4', 'C33333333333', '2018-01-09', '03', 'emitido');

-- --------------------------------------------------------

--
-- Estructura de tabla para la tabla `venta_det`
--

CREATE TABLE IF NOT EXISTS `venta_det` (
  `id` int(11) NOT NULL AUTO_INCREMENT,
  `id_compra_cab` int(11) NOT NULL,
  `descripcion` varchar(200) NOT NULL,
  `cantidad` int(11) NOT NULL,
  `precio_unitario` decimal(15,6) NOT NULL,
  PRIMARY KEY (`id`)
) ENGINE=InnoDB  DEFAULT CHARSET=latin1 AUTO_INCREMENT=5 ;

--
-- Volcado de datos para la tabla `venta_det`
--

INSERT INTO `venta_det` (`id`, `id_compra_cab`, `descripcion`, `cantidad`, `precio_unitario`) VALUES
(1, 1, 'TVS', 2, 450.000000),
(2, 2, 'RADIO', 1, 4.000000),
(3, 3, 'PAPAS', 3, 23.000000),
(4, 4, 'EJEMPLO', 4, 3.000000);

/*!40101 SET CHARACTER_SET_CLIENT=@OLD_CHARACTER_SET_CLIENT */;
/*!40101 SET CHARACTER_SET_RESULTS=@OLD_CHARACTER_SET_RESULTS */;
/*!40101 SET COLLATION_CONNECTION=@OLD_COLLATION_CONNECTION */;
